1stFlrSF,2ndFlrSF,BedroomAbvGr,BsmtExposure,BsmtFinSF1,BsmtFinType1,BsmtUnfSF,GarageArea,GarageFinish,GarageYrBlt,GrLivArea,KitchenQual,LotArea,LotFrontage,MasVnrArea,OpenPorchSF,OverallCond,OverallQual,TotalBsmtSF,YearBuilt,YearRemodAdd
986,0.0,2.0,No,0,Unf,960,180,Unf,1926.0,986,TA,6180,60.0,0.0,128,5,6,960,1926,1950
813,0.0,2.0,No,0,Unf,813,270,Unf,1932.0,813,Gd,5684,70.0,0.0,113,8,6,813,1930,2005
1120,0.0,3.0,No,932,ALQ,108,544,RFn,1961.0,1120,Fa,6970,85.0,0.0,0,5,4,1040,1961,1961
910,648.0,4.0,No,420,BLQ,490,282,Unf,1950.0,1558,TA,13710,75.0,0.0,0,5,5,910,1950,1950
1302,432.0,4.0,,0,,0,539,Unf,1977.0,1734,Gd,10125,75.0,0.0,0,5,5,0,1977,1977
879,984.0,4.0,Av,0,Unf,879,660,Fin,2006.0,1863,Gd,14054,58.0,0.0,17,5,7,879,2006,2006
1502,0.0,1.0,Av,368,GLQ,0,528,RFn,1985.0,1502,Gd,6820,69.0,0.0,54,5,8,1488,1985,1985
682,548.0,2.0,No,0,Unf,440,440,Unf,1966.0,1230,TA,10440,60.0,0.0,0,6,5,440,1910,1981
1407,985.0,3.0,No,1074,GLQ,322,870,Fin,1997.0,2392,Gd,9452,82.0,423.0,70,5,8,1396,1997,1998
1180,0.0,3.0,Gd,1065,GLQ,92,454,,1988.0,2062,TA,14364,69.0,128.0,55,5,7,1157,1988,1989
2069,0.0,4.0,Gd,425,GLQ,160,505,RFn,1960.0,2069,Gd,27650,313.0,0.0,0,7,7,585,1960,2007
1520,0.0,3.0,Av,674,BLQ,350,364,RFn,1955.0,1520,TA,9600,80.0,164.0,0,6,6,1156,1955,1972
846,846.0,3.0,Av,0,Unf,846,650,RFn,2009.0,1692,Gd,13159,83.0,0.0,114,5,7,846,2009,2009
2392,0.0,3.0,Gd,56,GLQ,2336,968,Fin,2003.0,2392,Ex,13472,103.0,922.0,105,5,10,2392,2003,2003
1222,888.0,3.0,No,695,GLQ,253,463,RFn,1994.0,2110,Gd,8880,69.0,0.0,130,5,7,948,1994,2002
861,0.0,1.0,No,262,BLQ,599,539,,1961.0,861,TA,12342,69.0,0.0,0,5,4,861,1940,1950
1394,0.0,3.0,No,609,BLQ,785,514,RFn,1963.0,1394,TA,9500,69.0,247.0,76,5,6,1394,1963,1963
1582,0.0,4.0,Av,812,Rec,812,390,Unf,1964.0,1582,TA,36500,69.0,621.0,198,5,5,1624,1964,1964
1137,817.0,3.0,No,341,BLQ,457,431,,1939.0,1954,Gd,15660,69.0,312.0,119,9,7,798,1939,2006
1306,0.0,2.0,Mn,860,BLQ,132,756,Unf,1968.0,1306,TA,8712,64.0,0.0,0,7,5,992,1957,2000
1092,0.0,3.0,No,787,Rec,305,504,RFn,1964.0,1092,TA,8250,75.0,260.0,0,7,6,1092,1964,1964
693,0.0,2.0,No,0,,693,0,,1980.0,693,Fa,4118,153.0,0.0,20,4,4,693,1941,1950
928,836.0,3.0,No,821,GLQ,107,470,RFn,1997.0,1764,Gd,15426,65.0,0.0,99,5,6,928,1997,1997
1839,0.0,3.0,No,1186,GLQ,291,416,Fin,1957.0,1839,Gd,14442,110.0,106.0,87,7,6,1477,1957,2004
1549,1178.0,3.0,No,297,Rec,556,440,Unf,1932.0,2727,Gd,10570,70.0,0.0,74,8,8,853,1932,1994
2073,0.0,3.0,No,790,ALQ,589,500,Unf,1978.0,2073,TA,13175,85.0,119.0,0,6,6,1542,1978,1988
2411,2065.0,4.0,Av,2096,GLQ,300,813,Fin,1996.0,4476,Ex,15623,160.0,0.0,78,5,10,2396,1996,1996
958,0.0,2.0,No,120,ALQ,958,440,RFn,1977.0,958,TA,4928,69.0,0.0,205,5,6,1078,1976,1976
546,546.0,3.0,No,0,Unf,546,286,Unf,1970.0,1092,TA,2001,21.0,80.0,0,5,4,546,1970,1970
1363,0.0,2.0,No,650,BLQ,178,288,Unf,1951.0,1363,TA,14559,75.0,70.0,42,7,5,1008,1951,2000
1431,0.0,3.0,Gd,371,GLQ,728,296,RFn,1962.0,1431,TA,9150,101.0,305.0,110,5,6,1099,1962,1962
1795,0.0,2.0,Av,0,Unf,1795,895,RFn,2007.0,1795,Gd,9986,75.0,428.0,49,5,8,1795,2006,2007
694,0.0,3.0,No,0,Unf,672,936,Unf,1998.0,1214,TA,10410,60.0,0.0,0,4,3,672,1915,1950
1976,0.0,2.0,Gd,1350,,626,908,RFn,2006.0,1976,Gd,14977,110.0,304.0,63,5,8,1976,2006,2007
932,920.0,3.0,No,822,GLQ,78,644,RFn,2009.0,1852,Gd,8640,72.0,0.0,108,5,7,900,2009,2009
1709,0.0,2.0,Av,1238,GLQ,460,506,Fin,1999.0,1709,Gd,5119,50.0,60.0,65,5,9,1698,1999,2000
2515,0.0,4.0,No,1219,Rec,816,484,,1975.0,2515,TA,32668,69.0,0.0,0,3,6,2035,1957,1975
630,0.0,1.0,Av,495,ALQ,135,0,,1980.0,630,TA,1890,21.0,0.0,0,7,4,630,1972,1972
1039,0.0,3.0,Mn,841,BLQ,198,504,Unf,1965.0,1039,TA,11625,75.0,0.0,0,4,5,1039,1965,1965
1276,0.0,3.0,No,0,Unf,1276,350,Unf,1958.0,1276,TA,9571,68.0,0.0,0,3,5,1276,1958,1958
1850,0.0,3.0,Gd,1261,GLQ,572,772,Fin,2004.0,1850,Gd,16033,98.0,378.0,112,5,9,1833,2004,2005
864,0.0,3.0,No,600,BLQ,264,576,Unf,1980.0,864,TA,12735,69.0,0.0,0,5,4,864,1972,1972
1040,0.0,3.0,No,906,Rec,134,384,Unf,1965.0,1040,TA,11200,70.0,0.0,0,5,5,1040,1965,1965
1040,0.0,2.0,,0,,0,420,Unf,1950.0,1040,TA,7200,60.0,0.0,29,5,4,0,1950,1950
1088,0.0,2.0,No,0,Unf,1074,461,RFn,1987.0,1088,Gd,3696,69.0,0.0,74,5,8,1074,1986,1986
933,975.0,4.0,No,642,GLQ,273,493,Unf,1994.0,1908,Gd,8750,70.0,0.0,133,5,7,915,1994,1995
1721,0.0,3.0,No,570,Rec,891,440,RFn,1968.0,1721,TA,10335,78.0,0.0,96,6,5,1461,1968,1993
1535,0.0,3.0,No,2,GLQ,1515,532,RFn,2004.0,1535,Gd,10171,70.0,168.0,0,5,7,1517,2004,2004
1541,0.0,3.0,No,0,Unf,1541,843,RFn,2001.0,1541,Gd,13704,118.0,150.0,81,5,7,1541,2001,2002
697,672.0,3.0,No,551,BLQ,121,300,,1930.0,1369,TA,6629,54.0,0.0,0,6,6,672,1925,1950
1494,0.0,3.0,Gd,1200,GLQ,279,576,RFn,1997.0,1494,Gd,9236,79.0,0.0,27,5,6,1479,1997,1997
1008,0.0,2.0,No,486,BLQ,522,275,,1954.0,1008,TA,11425,69.0,0.0,0,6,5,1008,1954,1954
807,702.0,3.0,No,0,Unf,783,393,Fin,2003.0,1509,Gd,7875,63.0,0.0,75,5,7,783,2003,2003
858,0.0,3.0,No,614,BLQ,244,0,,1980.0,858,TA,8125,69.0,0.0,0,4,4,858,1971,1971
2000,704.0,4.0,Gd,1410,,542,538,Fin,1972.0,2704,Ex,13860,75.0,0.0,111,7,8,1952,1972,1995
1422,1177.0,4.0,No,0,Unf,1393,779,Fin,1999.0,2599,Gd,14774,108.0,165.0,30,5,9,1393,1999,1999
1468,0.0,3.0,No,0,Unf,1468,898,Fin,2008.0,1468,Gd,9612,74.0,72.0,150,5,8,1468,2008,2009
948,0.0,3.0,No,492,ALQ,372,248,Unf,1954.0,948,TA,10215,75.0,132.0,0,5,4,864,1954,1954
694,600.0,3.0,,0,,0,0,,1980.0,1294,TA,10800,60.0,0.0,114,7,4,0,1900,2000
854,0.0,2.0,No,0,Unf,832,576,Unf,1991.0,854,TA,6120,51.0,0.0,112,8,7,832,1929,2001
1148,568.0,3.0,No,292,LwQ,476,281,Unf,1949.0,1716,TA,11409,60.0,0.0,0,4,5,768,1949,2008
1625,0.0,2.0,Gd,1573,,0,538,,2006.0,1625,Gd,4750,44.0,481.0,0,5,8,1573,2006,2007
1002,0.0,3.0,No,828,BLQ,174,902,Unf,1973.0,1002,TA,8750,69.0,76.0,0,6,5,1002,1970,1970
820,527.0,3.0,Gd,969,GLQ,148,0,,1980.0,1347,TA,7000,70.0,0.0,0,7,5,1117,1910,1991
936,0.0,2.0,No,0,Unf,936,576,Unf,1974.0,936,TA,6000,60.0,0.0,32,4,4,936,1953,1953
1003,0.0,3.0,Av,819,GLQ,184,588,,1984.0,1003,TA,7937,37.0,0.0,0,6,6,1003,1984,1984
1644,0.0,3.0,No,1285,GLQ,131,418,Fin,1953.0,1644,TA,9600,80.0,238.0,0,5,6,1416,1953,1953
901,901.0,4.0,No,352,LwQ,441,216,Unf,1920.0,1802,TA,7588,54.0,0.0,0,6,7,793,1920,1950
1838,0.0,2.0,Av,1260,GLQ,578,765,,2006.0,1838,Ex,14601,85.0,584.0,68,5,9,1838,2006,2006
948,0.0,3.0,No,732,Rec,216,280,,1956.0,948,TA,8190,60.0,0.0,36,6,4,948,1954,1954
1555,0.0,2.0,No,0,Unf,1373,660,Fin,2007.0,1555,Gd,3684,53.0,130.0,20,5,7,1373,2007,2007
786,390.0,2.0,No,0,Unf,698,624,Unf,1999.0,1176,TA,6000,50.0,0.0,0,9,6,698,1937,2000
1337,0.0,3.0,Mn,699,GLQ,638,531,RFn,2003.0,1337,Gd,8450,65.0,0.0,39,5,7,1337,2003,2003
841,806.0,4.0,No,0,Unf,806,216,Unf,1920.0,1647,Fa,6858,66.0,0.0,66,4,6,806,1915,1950
1130,1054.0,3.0,Av,936,GLQ,168,836,Fin,2008.0,2184,Ex,11308,96.0,154.0,102,5,9,1104,2008,2008
1382,0.0,3.0,Gd,672,Rec,0,884,Unf,1991.0,1382,TA,19296,120.0,399.0,0,5,6,1362,1962,1962
1535,0.0,4.0,,0,,0,410,Unf,1979.0,1535,TA,7018,64.0,0.0,0,5,5,0,1979,1979
1422,0.0,3.0,No,0,Unf,978,286,RFn,1960.0,1422,TA,12342,69.0,0.0,0,5,5,978,1960,1978
1077,0.0,2.0,No,0,Unf,961,338,Unf,1920.0,1077,TA,8967,60.0,0.0,0,2,5,961,1920,1950
912,0.0,3.0,No,842,ALQ,70,336,Unf,1974.0,912,TA,8521,70.0,0.0,0,5,5,912,1967,1967
1357,0.0,2.0,Av,719,ALQ,300,312,RFn,1959.0,1357,Ex,11512,124.0,84.0,0,7,6,1019,1959,2006
796,0.0,2.0,No,0,Unf,796,0,,1980.0,796,TA,8777,67.0,0.0,0,7,5,796,1910,1950
1500,0.0,3.0,Av,20,GLQ,1480,570,RFn,2004.0,1500,Gd,8487,63.0,210.0,36,5,7,1500,2004,2004
1306,954.0,3.0,Gd,1201,GLQ,105,533,,1996.0,2260,Gd,14000,80.0,0.0,44,5,7,1306,1996,1997
1363,0.0,2.0,Gd,226,LwQ,96,439,Unf,1954.0,1363,TA,39104,73.0,0.0,0,7,7,1385,1954,2005
1266,0.0,3.0,No,0,Unf,1257,453,Unf,2005.0,1266,Gd,7500,62.0,0.0,144,5,7,1257,2005,2005
2207,0.0,3.0,Gd,912,GLQ,1035,576,RFn,1970.0,2207,TA,19900,69.0,287.0,0,5,7,1947,1970,1989
1604,0.0,3.0,No,1334,GLQ,270,660,RFn,2006.0,1604,Gd,8814,68.0,180.0,110,5,7,1604,2006,2006
1015,0.0,3.0,No,489,Rec,279,450,Unf,1925.0,1015,TA,6120,51.0,0.0,0,7,5,768,1925,1950
1651,0.0,3.0,No,1398,ALQ,0,616,Fin,1986.0,1651,TA,12416,47.0,132.0,0,5,6,1606,1986,1986
1657,0.0,3.0,No,1237,LwQ,420,484,Unf,1970.0,1657,TA,12155,69.0,0.0,0,3,6,1657,1970,1970
2402,0.0,2.0,Gd,1767,GLQ,788,672,Fin,2008.0,2402,Ex,15431,105.0,200.0,72,5,10,3094,2008,2008
2234,0.0,1.0,No,1904,GLQ,312,1166,Fin,2009.0,2234,Ex,17423,63.0,748.0,60,5,9,2216,2008,2009
1159,0.0,3.0,No,673,BLQ,378,336,Unf,1968.0,1159,TA,11553,69.0,188.0,0,5,5,1051,1968,1968
600,600.0,2.0,No,0,Unf,600,480,RFn,2004.0,1200,Gd,3182,30.0,0.0,172,5,7,600,2004,2005
1060,0.0,3.0,Mn,188,Rec,204,270,Unf,1968.0,1060,Gd,8246,69.0,0.0,90,8,5,1060,1968,2001
1091,898.0,3.0,Mn,932,GLQ,133,586,Fin,2002.0,1989,Gd,11367,90.0,210.0,60,5,8,1065,2002,2002
1253,0.0,3.0,No,0,Unf,1237,402,Fin,1995.0,1253,TA,7875,63.0,38.0,21,5,7,1237,1995,1996
1092,1020.0,4.0,Mn,500,ALQ,176,576,Unf,1969.0,2112,TA,11075,85.0,0.0,0,5,6,952,1969,1969
1212,0.0,3.0,Av,506,ALQ,0,492,Unf,1978.0,1212,TA,8471,88.0,46.0,12,7,6,506,1977,1995
707,682.0,3.0,No,0,Unf,651,240,Unf,1947.0,1389,TA,3378,60.0,0.0,0,8,7,651,1946,1992
1811,0.0,2.0,No,296,ALQ,230,470,Fin,1956.0,1811,Ex,14115,90.0,0.0,0,7,6,1073,1956,2004
880,844.0,3.0,Av,0,Unf,880,527,Fin,1998.0,1724,Gd,8924,57.0,0.0,155,5,7,880,1998,1999
630,0.0,1.0,Av,131,BLQ,0,0,,1980.0,630,TA,1936,21.0,0.0,0,6,4,630,1970,1970
684,684.0,3.0,No,0,Unf,684,216,Unf,1930.0,1368,TA,3600,60.0,0.0,158,7,6,684,1910,1993
1048,0.0,3.0,No,586,BLQ,462,286,Unf,1956.0,1048,TA,10152,72.0,120.0,20,5,5,1048,1956,1956
1370,1254.0,4.0,No,1128,BLQ,242,864,Unf,1918.0,2624,TA,22420,86.0,0.0,0,6,6,1370,1918,1950
882,0.0,3.0,,0,,0,294,RFn,1959.0,882,TA,8339,69.0,0.0,0,7,5,0,1959,1959
856,854.0,3.0,No,706,GLQ,150,548,RFn,2003.0,1710,Gd,8450,65.0,196.0,61,5,7,856,2003,2003
1358,0.0,2.0,Av,720,GLQ,638,484,RFn,2004.0,1358,Gd,8198,59.0,146.0,30,5,7,1358,2004,2004
1012,778.0,4.0,No,247,Rec,485,484,RFn,1972.0,1790,TA,10400,80.0,288.0,0,5,6,732,1972,1972
1131,0.0,3.0,No,168,Rec,739,672,Unf,1995.0,1131,TA,5925,50.0,435.0,72,7,4,907,1937,2000
1632,0.0,3.0,No,620,Rec,0,338,RFn,1958.0,1632,TA,9600,80.0,183.0,0,6,6,1240,1958,1988
770,812.0,3.0,No,490,GLQ,280,520,RFn,2004.0,1582,Gd,8320,64.0,0.0,45,5,7,770,2004,2004
780,595.0,3.0,No,0,,780,544,Unf,1979.0,1375,Gd,9000,50.0,0.0,162,6,6,780,1937,1950
1236,0.0,2.0,No,600,GLQ,312,923,,1957.0,1236,TA,7407,90.0,0.0,158,7,6,912,1957,1996
1216,941.0,4.0,No,445,Rec,479,487,,1966.0,2157,Gd,14200,88.0,309.0,66,6,7,924,1966,1966
1349,0.0,3.0,No,0,,1349,539,Unf,2000.0,1349,TA,8450,65.0,108.0,55,5,7,1349,2000,2001
1771,0.0,3.0,,0,,0,336,Unf,1960.0,1771,TA,21750,100.0,75.0,0,4,5,0,1960,2006
912,546.0,3.0,No,0,Unf,912,330,Unf,1948.0,1458,TA,17503,78.0,0.0,0,5,6,912,1948,1950
1194,0.0,3.0,No,0,Unf,1194,312,RFn,1959.0,1194,TA,8760,73.0,220.0,0,6,6,1194,1959,1959
1416,0.0,3.0,No,0,Unf,816,576,Unf,2007.0,1416,Gd,25339,69.0,0.0,0,7,5,816,1918,2007
1728,0.0,4.0,Gd,936,Rec,396,574,Unf,1976.0,1728,TA,12640,55.0,0.0,0,5,6,1728,1976,1976
1042,534.0,3.0,No,0,Unf,1042,225,Unf,1928.0,1576,TA,6240,52.0,0.0,0,6,5,1042,1928,1950
1050,745.0,4.0,No,0,Unf,1050,352,Unf,1954.0,1795,TA,12150,81.0,335.0,0,5,5,1050,1954,1954
2020,0.0,3.0,No,1436,GLQ,570,900,Fin,2009.0,2020,Ex,12220,94.0,305.0,54,5,10,2006,2009,2009
1040,0.0,3.0,No,369,LwQ,671,286,RFn,1959.0,1040,TA,7560,70.0,0.0,0,5,5,1040,1959,1959
980,734.0,3.0,No,394,,586,496,Unf,1988.0,1714,TA,10421,80.0,42.0,66,5,7,980,1988,1988
3138,1538.0,3.0,Gd,2260,GLQ,878,884,Fin,2007.0,4676,Ex,40094,130.0,762.0,406,5,10,3138,2007,2008
757,567.0,3.0,No,672,BLQ,0,240,Unf,1936.0,1324,TA,6000,50.0,0.0,0,6,4,672,1936,1950
1795,0.0,3.0,No,0,,1777,534,RFn,2002.0,1795,Gd,9742,75.0,281.0,159,5,8,1777,2002,2002
616,796.0,3.0,No,0,Unf,616,432,Fin,2007.0,1412,Gd,8499,73.0,0.0,36,5,6,616,2006,2007
1622,0.0,3.0,Av,1159,BLQ,90,1356,Fin,1975.0,1622,TA,32463,69.0,149.0,0,4,4,1249,1961,1975
1072,0.0,2.0,Gd,547,GLQ,0,525,Fin,2005.0,1072,TA,3675,35.0,80.0,28,5,5,547,2005,2005
2076,0.0,2.0,Gd,1386,GLQ,690,850,,2006.0,2076,Ex,13891,107.0,0.0,229,5,10,2076,2006,2006
1668,0.0,3.0,Av,1059,GLQ,567,702,,2002.0,1668,Gd,11248,90.0,215.0,45,5,9,1626,2002,2002
1547,720.0,2.0,,0,,0,672,Unf,1979.0,2320,TA,14762,69.0,0.0,144,6,5,0,1948,1950
1694,0.0,3.0,Av,0,Unf,1694,776,,2008.0,1694,Gd,10475,64.0,72.0,33,5,8,1694,2008,2008
866,913.0,3.0,Av,0,Unf,866,546,RFn,1998.0,1779,Gd,10400,80.0,0.0,36,5,7,866,1998,1998
1264,1312.0,4.0,No,0,Unf,1234,666,Fin,2006.0,2576,Ex,12438,82.0,466.0,100,5,8,1234,2006,2006
1216,0.0,2.0,No,897,GLQ,319,402,Unf,1998.0,1216,TA,4500,32.0,116.0,125,5,6,1216,1998,1998
1277,0.0,2.0,Gd,778,GLQ,499,526,Unf,1970.0,1277,TA,10628,85.0,0.0,0,5,7,1277,1970,1970
864,729.0,3.0,No,759,GLQ,80,398,,2004.0,1593,TA,7415,62.0,0.0,75,5,6,839,2004,2004
990,0.0,3.0,No,716,ALQ,274,576,Unf,1996.0,990,TA,13568,43.0,0.0,0,5,5,990,1995,1995
988,0.0,2.0,No,0,,988,520,RFn,1954.0,988,TA,21750,100.0,0.0,0,5,5,988,1954,1954
960,780.0,3.0,No,410,BLQ,390,240,Unf,1940.0,1740,TA,13125,75.0,0.0,0,6,7,800,1940,1984
792,725.0,3.0,No,0,Unf,792,400,Unf,1931.0,1517,Gd,11435,69.0,0.0,0,7,8,792,1929,1950
900,0.0,3.0,Av,769,ALQ,95,288,RFn,1967.0,900,TA,7838,68.0,0.0,144,5,5,864,1967,1967
546,546.0,3.0,No,334,BLQ,212,286,RFn,1973.0,1092,TA,1974,69.0,0.0,96,5,4,546,1973,1973
1047,0.0,2.0,No,0,Unf,641,273,Unf,1954.0,1047,TA,10800,60.0,0.0,0,7,4,641,1885,1995
1456,0.0,2.0,Gd,0,Unf,1273,400,Fin,2003.0,1456,Gd,3196,69.0,40.0,20,5,8,1273,2003,2003
752,0.0,2.0,No,623,ALQ,0,264,Unf,1984.0,752,TA,7175,50.0,0.0,0,5,6,744,1984,1984
1700,0.0,3.0,Av,340,GLQ,1342,544,RFn,2003.0,1700,Gd,9135,70.0,120.0,23,5,6,1682,2003,2003
1128,0.0,3.0,Mn,776,ALQ,344,525,RFn,1963.0,1128,TA,8700,80.0,148.0,20,6,5,1120,1963,1963
676,455.0,3.0,No,0,Unf,676,200,Unf,1941.0,1131,TA,5720,52.0,0.0,0,6,5,676,1941,1950
2898,0.0,2.0,Av,1165,ALQ,0,665,Fin,1976.0,2898,Gd,15498,69.0,0.0,72,6,8,1565,1976,1976
1616,0.0,3.0,Av,0,Unf,1616,834,RFn,2005.0,1616,Gd,8688,73.0,228.0,59,5,7,1616,2005,2005
1181,0.0,3.0,Av,920,BLQ,38,588,RFn,1974.0,1181,TA,10012,90.0,0.0,0,5,4,1138,1972,1972
858,858.0,4.0,No,319,Rec,539,490,Fin,1962.0,1716,TA,9247,70.0,318.0,84,6,6,858,1962,1962
1464,0.0,3.0,Gd,929,GLQ,556,754,Unf,2007.0,1464,Gd,15256,49.0,84.0,160,5,8,1485,2007,2007
1630,0.0,3.0,No,0,,1630,451,Unf,2000.0,1630,Gd,9750,75.0,171.0,234,5,7,1630,2000,2001
1505,0.0,2.0,No,1024,,481,505,RFn,1953.0,1505,TA,12160,128.0,90.0,0,4,6,1505,1953,1953
1182,960.0,3.0,No,448,Rec,448,509,Fin,1968.0,2142,Gd,13000,100.0,576.0,72,6,6,896,1968,1968
896,448.0,3.0,No,0,Unf,896,240,,1936.0,1344,TA,6240,69.0,0.0,114,4,5,896,1936,1950
1478,0.0,3.0,No,1270,BLQ,208,498,Unf,1960.0,1478,TA,17600,69.0,30.0,40,5,6,1478,1960,1960
1437,0.0,3.0,Gd,1157,ALQ,280,528,RFn,1976.0,1437,Gd,10768,90.0,0.0,21,8,5,1437,1976,2004
1082,871.0,3.0,Mn,0,Unf,1082,1043,RFn,2005.0,1953,Gd,10574,85.0,0.0,50,5,8,1082,2005,2006
1127,850.0,4.0,No,442,Rec,374,540,RFn,1964.0,1977,TA,9500,100.0,272.0,52,6,6,816,1964,1978
1689,0.0,3.0,No,0,Unf,1436,480,Unf,1956.0,1689,TA,9855,73.0,0.0,0,5,6,1436,1956,1956
970,739.0,3.0,No,0,Unf,970,380,Unf,2004.0,1709,Gd,2522,24.0,50.0,40,5,7,970,2004,2004
1557,0.0,2.0,Gd,0,Unf,1374,420,Fin,2003.0,1557,Gd,3196,69.0,18.0,20,5,7,1374,2003,2004
1166,0.0,3.0,No,0,Unf,1064,240,Unf,1936.0,1639,TA,10480,51.0,0.0,0,5,6,1064,1936,1950
1040,0.0,2.0,,0,,0,420,Unf,1956.0,1040,TA,7200,60.0,0.0,0,5,4,0,1949,1950
860,1100.0,4.0,No,625,GLQ,235,440,Fin,2002.0,1960,Gd,7851,69.0,0.0,48,5,6,860,2002,2002
1294,0.0,2.0,Av,0,Unf,1286,662,RFn,2006.0,1294,Gd,6762,64.0,0.0,55,5,7,1286,2006,2006
894,0.0,3.0,No,492,BLQ,402,450,,1968.0,894,TA,8724,109.0,0.0,0,5,5,894,1968,1968
1116,0.0,3.0,No,0,Unf,1116,440,Unf,1962.0,1116,TA,10000,87.0,261.0,0,6,6,1116,1962,1962
1792,0.0,2.0,Gd,1567,GLQ,225,874,Fin,2003.0,1792,Ex,11846,72.0,562.0,49,5,9,1792,2003,2004
1164,0.0,3.0,No,0,Unf,1164,528,Unf,1969.0,1164,TA,9600,80.0,168.0,0,5,7,1164,1969,1969
1165,0.0,3.0,Gd,312,Rec,276,490,RFn,1966.0,1165,TA,9020,82.0,183.0,129,7,6,1127,1966,1966
1056,0.0,3.0,No,846,Rec,210,308,RFn,1958.0,1056,TA,8176,70.0,0.0,0,6,5,1056,1958,1992
725,754.0,3.0,No,533,GLQ,192,475,RFn,1976.0,1479,Gd,13517,69.0,289.0,44,8,6,725,1976,2005
848,0.0,1.0,Av,662,GLQ,186,420,,2004.0,848,Gd,4426,69.0,169.0,0,5,6,848,2004,2004
1094,0.0,3.0,Mn,500,Rec,594,495,,1953.0,1094,TA,10452,85.0,216.0,0,5,6,1094,1953,1953
988,0.0,1.0,Gd,938,ALQ,0,540,Unf,1969.0,988,TA,21453,69.0,0.0,130,5,6,938,1969,1969
845,0.0,3.0,,0,,0,290,Unf,1957.0,845,TA,11500,69.0,0.0,0,3,4,0,1957,1957
974,0.0,3.0,Mn,212,BLQ,762,0,,1980.0,974,TA,10712,63.0,0.0,28,5,5,974,1991,1992
1262,0.0,3.0,No,905,GLQ,357,572,,2006.0,1262,Gd,7200,60.0,68.0,120,5,6,1262,2006,2006
1496,0.0,3.0,Av,0,Unf,1496,474,,2007.0,1496,Gd,9158,76.0,140.0,130,5,8,1496,2007,2007
832,878.0,3.0,No,426,GLQ,406,506,RFn,1993.0,1710,Gd,9291,76.0,120.0,70,5,6,832,1993,1993
1392,0.0,3.0,No,1040,Rec,352,458,RFn,1957.0,1392,TA,11900,80.0,387.0,0,5,6,1392,1957,1957
689,703.0,3.0,No,378,GLQ,311,299,Fin,1977.0,1392,TA,10900,69.0,153.0,36,7,6,689,1977,1977
977,755.0,3.0,No,0,,741,476,Fin,1985.0,1732,Gd,9206,77.0,336.0,46,5,6,741,1985,1985
956,1128.0,4.0,No,656,GLQ,300,618,RFn,2004.0,2084,Gd,10142,76.0,0.0,45,5,7,956,2004,2004
1190,0.0,3.0,Av,803,ALQ,303,540,,1962.0,1190,TA,7728,70.0,120.0,18,6,5,1106,1962,1962
996,0.0,2.0,Av,747,GLQ,189,564,Unf,1992.0,996,Gd,9069,73.0,0.0,0,6,6,936,1992,1992
1392,0.0,3.0,No,1302,,90,528,Unf,1957.0,1392,TA,11341,69.0,180.0,0,6,5,1392,1957,1996
1334,0.0,2.0,No,686,ALQ,664,630,RFn,1977.0,1334,TA,9650,80.0,360.0,16,5,6,1350,1977,1977
948,742.0,3.0,No,0,Unf,924,463,RFn,2000.0,1690,TA,8063,69.0,0.0,48,5,6,924,2000,2000
864,0.0,3.0,No,191,ALQ,673,463,Unf,1994.0,864,TA,8120,70.0,0.0,0,7,4,864,1970,1970
1034,0.0,3.0,Av,539,GLQ,473,888,Unf,1976.0,1034,TA,12328,69.0,335.0,0,5,6,1012,1976,1976
802,670.0,3.0,No,0,Unf,384,402,RFn,1991.0,1472,Gd,10784,69.0,76.0,0,5,7,384,1991,1992
815,875.0,3.0,No,0,Unf,815,225,,1916.0,1690,TA,8850,65.0,0.0,0,6,7,815,1916,1950
1112,438.0,2.0,No,812,GLQ,280,438,Fin,2007.0,1550,Gd,8125,65.0,100.0,168,5,7,1092,2006,2007
832,809.0,3.0,No,16,LwQ,712,546,Unf,1925.0,1641,Ex,9600,60.0,0.0,0,7,7,728,1925,1990
1679,0.0,3.0,No,1138,GLQ,270,575,RFn,1994.0,1679,Gd,8125,65.0,258.0,42,5,6,1408,1994,1998
1572,0.0,3.0,Gd,1159,Rec,413,995,RFn,1963.0,1572,TA,35133,50.0,226.0,263,4,5,1572,1963,1963
1012,0.0,2.0,No,0,Unf,1012,308,Unf,1920.0,1012,TA,8263,59.0,0.0,22,5,6,1012,1920,1950
779,640.0,3.0,No,353,GLQ,55,527,Fin,2002.0,1419,Gd,7750,69.0,0.0,0,5,8,408,2002,2002
1660,0.0,3.0,Mn,1220,GLQ,440,500,RFn,2006.0,1660,Gd,10182,85.0,420.0,50,5,8,1660,2006,2006
1022,752.0,2.0,No,0,Unf,952,468,Unf,1931.0,1774,TA,6120,51.0,0.0,0,5,7,952,1931,1950
1142,878.0,3.0,No,584,GLQ,544,466,RFn,1995.0,2020,Gd,9828,80.0,0.0,155,5,8,1128,1995,1995
1490,1304.0,4.0,No,689,,773,810,Fin,1995.0,2794,Ex,15138,174.0,506.0,146,5,8,1462,1995,1996
1831,1796.0,4.0,Gd,1387,GLQ,543,807,Fin,1995.0,3627,Gd,35760,118.0,1378.0,76,5,10,1930,1995,1996
725,754.0,4.0,No,626,ALQ,99,484,Fin,1972.0,1479,Gd,7472,69.0,138.0,32,9,7,725,1972,2004
1362,0.0,2.0,Av,20,ALQ,1342,460,,2005.0,1362,Gd,7577,61.0,256.0,28,5,6,1362,2005,2006
2069,574.0,3.0,Av,0,Unf,2153,694,Fin,2006.0,2643,Ex,13693,105.0,772.0,84,5,9,2153,2006,2006
1200,0.0,4.0,No,0,Unf,1200,312,Unf,1923.0,1200,TA,11340,84.0,0.0,0,5,6,1200,1923,1950
672,546.0,3.0,No,0,,672,0,,1980.0,1218,TA,1680,21.0,236.0,0,5,6,672,1971,1971
1940,1254.0,4.0,Mn,428,BLQ,537,380,Unf,1934.0,3194,TA,12168,78.0,0.0,0,6,8,965,1934,1998
1734,0.0,3.0,Av,1300,GLQ,434,660,,2005.0,1734,Gd,11645,78.0,0.0,24,5,7,1734,2005,2005
1050,1028.0,3.0,No,789,GLQ,245,836,Fin,2008.0,2078,Ex,10800,85.0,100.0,102,5,8,1034,2007,2008
520,0.0,1.0,No,0,Unf,520,240,Unf,1920.0,520,Fa,6324,60.0,0.0,0,6,4,520,1927,1950
1905,0.0,3.0,No,0,Unf,1905,788,Fin,2006.0,1905,Ex,11670,84.0,302.0,191,5,9,1905,2006,2006
958,620.0,3.0,No,403,BLQ,238,240,Unf,1941.0,1578,Fa,9490,79.0,0.0,0,7,6,806,1941,1950
1337,0.0,2.0,No,266,GLQ,1139,511,Fin,1998.0,1337,Gd,4060,34.0,0.0,68,5,6,1405,1998,1999
1466,1362.0,4.0,Gd,1150,GLQ,316,1052,RFn,2006.0,2828,Gd,9965,77.0,340.0,144,5,8,1466,2006,2007
993,915.0,4.0,No,0,Unf,967,431,Fin,2002.0,1908,Gd,14191,85.0,0.0,0,5,8,967,2002,2002
1336,0.0,2.0,Mn,841,BLQ,324,375,Unf,1953.0,1336,TA,15750,90.0,56.0,0,5,5,1165,1953,1953
993,1243.0,4.0,No,0,Unf,964,642,Fin,1997.0,2236,Gd,13006,69.0,285.0,0,5,7,964,1997,1997
793,325.0,3.0,Mn,507,Rec,286,410,Unf,1939.0,1118,TA,7800,65.0,0.0,0,7,5,793,1939,1950
1318,584.0,4.0,,0,,0,539,Unf,1978.0,1902,TA,8930,68.0,0.0,0,5,6,0,1978,1978
832,0.0,2.0,No,0,Unf,832,528,Unf,1962.0,832,Gd,7227,59.0,0.0,0,6,6,832,1954,1954
1440,0.0,4.0,No,133,ALQ,1307,0,,1980.0,1440,Fa,12108,92.0,270.0,0,4,4,1440,1955,1955
1578,0.0,3.0,No,0,Unf,1573,840,,2008.0,1578,Ex,9262,78.0,194.0,36,5,8,1573,2008,2009
1584,0.0,4.0,No,0,Unf,1584,792,Unf,1967.0,1584,TA,8944,65.0,0.0,152,5,5,1584,1967,1967
1768,0.0,4.0,No,0,Unf,1768,0,,1980.0,1768,TA,10778,72.0,0.0,0,5,4,1768,1968,1968
864,0.0,3.0,No,616,ALQ,248,528,Unf,1974.0,864,TA,9000,60.0,0.0,0,6,4,864,1971,1971
1614,0.0,3.0,Av,20,GLQ,1594,865,RFn,2005.0,1614,Gd,11210,86.0,240.0,59,5,7,1614,2005,2006
798,842.0,3.0,No,0,Unf,798,520,RFn,2004.0,1640,Gd,8366,65.0,0.0,45,5,6,798,2004,2004
1073,0.0,3.0,No,836,ALQ,237,515,RFn,1965.0,1073,TA,10289,79.0,168.0,0,7,5,1073,1965,1965
803,557.0,2.0,No,0,Unf,803,297,,1951.0,1360,Gd,7200,60.0,0.0,65,6,5,803,1938,1995
1038,1060.0,3.0,Mn,0,Unf,1030,878,RFn,2005.0,2098,Ex,10240,80.0,178.0,52,5,8,1030,2005,2005
1422,915.0,5.0,No,0,Unf,662,560,Unf,1945.0,2337,TA,13600,85.0,0.0,57,5,5,662,1900,1950
885,833.0,3.0,No,0,Unf,832,427,Fin,1998.0,1718,TA,10141,74.0,40.0,94,5,7,832,1998,1998
914,0.0,2.0,Av,298,GLQ,572,576,Unf,1998.0,914,TA,8846,57.0,0.0,0,5,5,870,1996,1996
959,408.0,3.0,No,425,LwQ,459,560,,1978.0,1367,TA,6240,52.0,0.0,0,6,6,884,1931,1950
1221,691.0,3.0,No,0,Unf,482,672,Unf,2003.0,1912,TA,10800,60.0,0.0,25,7,6,482,1905,2000
1200,0.0,2.0,No,833,,343,555,RFn,2003.0,1200,Gd,10083,67.0,0.0,41,5,7,1176,2003,2003
1554,0.0,2.0,Mn,24,GLQ,1530,627,RFn,2006.0,1554,Gd,4590,34.0,108.0,73,5,8,1554,2006,2006
864,0.0,3.0,Mn,360,Rec,504,288,RFn,1972.0,864,TA,9560,120.0,0.0,0,7,5,864,1972,1972
696,720.0,3.0,No,604,ALQ,92,484,Unf,1999.0,1416,Gd,2572,24.0,0.0,44,5,7,696,1999,1999
625,625.0,2.0,No,0,Unf,625,528,RFn,2006.0,1250,Gd,4251,35.0,0.0,54,5,7,625,2006,2007
918,0.0,2.0,No,0,Unf,918,264,Unf,1979.0,918,TA,7892,55.0,0.0,0,5,6,918,1979,1979
1274,0.0,3.0,No,925,GLQ,349,508,,2005.0,1274,Gd,8814,68.0,80.0,98,5,7,1274,2005,2007
924,0.0,3.0,No,0,Unf,924,280,Unf,1981.0,924,TA,7990,88.0,0.0,0,6,5,924,1975,1975
1700,0.0,4.0,No,1018,Rec,380,447,RFn,1959.0,1700,Gd,10552,70.0,0.0,38,5,5,1398,1959,1959
936,780.0,6.0,No,210,,570,0,,1980.0,1716,Fa,5687,55.0,0.0,184,6,5,780,1912,2000
729,0.0,2.0,No,0,Unf,270,0,,1980.0,729,TA,4130,56.0,0.0,0,6,3,270,1935,2003
1687,0.0,3.0,Av,353,BLQ,60,572,,1966.0,1687,TA,57200,69.0,0.0,0,5,5,747,1948,1950
1260,1031.0,4.0,Mn,1046,Rec,168,506,Unf,1900.0,2291,TA,7200,60.0,0.0,0,6,6,1214,1910,1998
894,0.0,2.0,No,0,Unf,894,1248,RFn,1994.0,894,TA,18000,120.0,0.0,20,4,3,894,1935,1950
1210,1242.0,4.0,No,281,,747,683,Fin,1998.0,2452,Gd,16226,66.0,0.0,50,5,8,1028,1998,1999
825,587.0,4.0,No,0,Unf,780,280,Unf,1939.0,1412,TA,6000,50.0,0.0,0,6,6,780,1939,1950
1029,0.0,3.0,Mn,903,Rec,126,261,Unf,1961.0,1029,TA,7943,61.0,192.0,0,5,4,1029,1961,1961
1466,0.0,3.0,Av,16,GLQ,1450,610,Fin,2007.0,1466,Gd,8925,73.0,0.0,18,5,8,1466,2007,2007
1442,0.0,2.0,No,0,Unf,1442,615,RFn,1970.0,1442,TA,11717,69.0,571.0,0,6,6,1442,1970,1970
686,564.0,3.0,No,0,Unf,686,280,,1955.0,1250,Fa,8248,45.0,0.0,0,7,5,686,1918,1950
955,0.0,3.0,No,0,Unf,935,462,Fin,1998.0,1632,TA,9084,63.0,0.0,28,5,7,935,1998,1998
1144,0.0,3.0,No,594,BLQ,270,264,RFn,1961.0,1144,TA,10000,80.0,0.0,0,6,5,864,1961,1983
810,0.0,3.0,No,387,ALQ,374,484,RFn,1992.0,1603,Gd,7153,65.0,0.0,124,5,6,761,1992,1992
673,709.0,3.0,No,641,GLQ,32,490,Unf,2000.0,1382,Gd,2651,69.0,0.0,50,5,7,673,2000,2000
1572,1096.0,3.0,Av,1016,GLQ,556,726,Fin,2003.0,2668,Ex,13688,110.0,664.0,0,5,9,1572,2003,2004
672,672.0,3.0,No,456,Rec,216,468,Unf,1964.0,1344,TA,10690,59.0,0.0,128,7,5,672,1920,1997
624,628.0,2.0,No,510,BLQ,90,462,,1999.0,1252,Gd,2160,24.0,212.0,48,5,7,600,1999,2000
1442,0.0,3.0,Mn,738,GLQ,172,719,Fin,1990.0,1442,Gd,10357,114.0,0.0,244,5,7,910,1990,1991
892,783.0,3.0,No,0,Unf,841,502,Fin,1999.0,1675,TA,24682,69.0,0.0,103,5,6,841,1999,1999
952,0.0,2.0,No,0,Unf,952,192,Unf,1916.0,952,Fa,8854,69.0,0.0,98,6,6,952,1916,1950
663,689.0,4.0,No,371,ALQ,292,299,Fin,1969.0,1352,TA,9364,80.0,143.0,36,7,6,663,1969,1969
773,582.0,3.0,No,0,Unf,684,0,,1980.0,1355,Gd,6882,60.0,0.0,0,7,6,684,1914,2006
1724,0.0,3.0,Av,528,ALQ,1152,480,RFn,1967.0,1724,TA,17871,69.0,359.0,0,5,6,1680,1967,1976
1690,1589.0,4.0,Gd,1416,ALQ,234,841,Fin,2003.0,3279,Ex,53504,47.0,603.0,36,5,8,1650,2003,2003
1636,0.0,3.0,No,63,GLQ,1560,865,RFn,2006.0,1636,Gd,13501,116.0,208.0,60,5,8,1623,2006,2006
729,729.0,2.0,No,419,GLQ,310,440,Unf,1999.0,1458,TA,3230,34.0,1129.0,32,5,6,729,1999,1999
691,0.0,2.0,No,0,Unf,691,216,Unf,1920.0,691,Ex,5400,60.0,0.0,20,6,5,691,1920,1950
1440,0.0,4.0,Gd,1440,,0,0,,1980.0,1440,TA,7711,42.0,0.0,0,3,4,1440,1977,1977
894,0.0,3.0,No,553,GLQ,224,336,Unf,1973.0,894,TA,8450,65.0,0.0,144,8,5,894,1965,2009
1220,0.0,2.0,Av,684,GLQ,515,632,RFn,2006.0,1220,Gd,7406,64.0,84.0,54,5,7,1199,2006,2006
1058,846.0,3.0,Av,546,GLQ,512,736,Fin,2003.0,1904,Ex,10927,74.0,280.0,60,5,8,1058,2005,2005
765,600.0,2.0,No,471,ALQ,294,440,Unf,1971.0,1365,TA,1920,24.0,376.0,36,5,5,765,1971,1971
1656,0.0,3.0,Gd,639,BLQ,441,528,Fin,1960.0,1656,TA,31770,141.0,112.0,62,5,6,1080,1960,1960
1127,886.0,3.0,Av,862,,255,455,Unf,1997.0,2013,TA,9920,92.0,0.0,130,5,7,1117,1996,1997
1680,0.0,3.0,No,144,LwQ,379,583,Fin,1998.0,1680,Gd,10140,78.0,0.0,73,5,7,1650,1998,1999
1080,0.0,3.0,No,336,ALQ,748,484,Unf,1983.0,1080,TA,9187,71.0,0.0,0,5,6,1084,1983,1983
1092,0.0,2.0,No,895,Rec,197,299,Fin,1957.0,1092,TA,14850,69.0,0.0,0,5,5,1092,1957,1957
660,688.0,3.0,No,512,BLQ,148,453,RFn,1966.0,1348,TA,7590,69.0,266.0,108,5,6,660,1966,1966
1020,831.0,3.0,Gd,536,BLQ,169,440,RFn,1964.0,1851,Gd,9760,80.0,340.0,42,8,6,822,1964,1993
976,1111.0,5.0,Gd,568,LwQ,264,444,Fin,1966.0,2087,Gd,12205,69.0,157.0,168,8,6,832,1966,2007
1004,0.0,2.0,Gd,975,GLQ,0,504,Unf,1977.0,1004,TA,10530,78.0,90.0,0,5,6,975,1977,1977
1041,702.0,3.0,No,384,ALQ,143,539,Unf,1968.0,1743,TA,11700,90.0,365.0,0,6,6,702,1968,1968
1276,1336.0,4.0,No,854,GLQ,371,676,Fin,1998.0,2612,Gd,12203,98.0,975.0,0,5,8,1225,1998,1999
1506,0.0,2.0,Gd,16,GLQ,1346,440,,2005.0,1506,Gd,3013,43.0,145.0,20,5,7,1362,2005,2005
864,0.0,3.0,Av,460,BLQ,404,338,Unf,1972.0,864,TA,15523,36.0,0.0,0,6,5,864,1972,1972
672,252.0,2.0,No,348,BLQ,324,280,Unf,1941.0,924,Fa,12180,60.0,0.0,0,4,4,672,1941,1950
1362,720.0,3.0,No,0,Unf,1362,484,Unf,2003.0,2082,Gd,11426,63.0,0.0,238,5,7,1362,2003,2003
2364,0.0,3.0,Gd,2188,GLQ,142,820,Fin,2009.0,2364,Ex,12919,100.0,760.0,67,5,9,2330,2009,2010
1652,0.0,2.0,Gd,1480,GLQ,120,482,,2008.0,1652,Gd,5587,64.0,186.0,53,5,8,1600,2008,2008
1149,1141.0,4.0,Mn,0,Unf,1128,779,Unf,2002.0,2290,Gd,11250,69.0,0.0,0,5,8,1128,2002,2002
1208,0.0,2.0,No,664,GLQ,544,628,RFn,2007.0,1208,Gd,6762,64.0,108.0,54,5,7,1208,2007,2007
902,808.0,3.0,No,0,Unf,576,480,Unf,1990.0,1710,TA,10300,50.0,0.0,11,6,7,576,1921,1950
991,956.0,3.0,No,222,GLQ,769,678,RFn,2004.0,1947,Gd,12552,100.0,0.0,136,5,7,991,2004,2005
2018,0.0,3.0,Gd,0,Unf,2002,746,Fin,2009.0,2018,Ex,13214,89.0,0.0,76,5,9,2002,2008,2009
1616,0.0,2.0,No,1180,GLQ,415,608,RFn,1995.0,1616,Gd,5389,39.0,0.0,152,5,8,1595,1995,1996
1226,592.0,4.0,No,224,LwQ,816,240,,1951.0,1818,TA,7758,69.0,600.0,0,4,7,1040,1931,1950
1067,0.0,2.0,No,442,BLQ,625,436,Unf,1996.0,1067,Gd,9600,60.0,0.0,0,7,4,1067,1950,1995
954,0.0,2.0,No,0,Unf,920,240,Unf,1938.0,954,Fa,6305,50.0,0.0,0,7,5,920,1938,1950
909,807.0,2.0,No,0,Unf,880,512,RFn,1996.0,1716,Gd,8750,70.0,0.0,120,5,7,880,1996,1996
1222,698.0,4.0,No,0,Unf,570,487,RFn,1968.0,1920,Gd,10192,102.0,143.0,98,6,7,570,1968,1992
1296,0.0,2.0,No,1005,GLQ,262,471,Fin,2001.0,1296,Gd,6853,69.0,136.0,25,5,8,1267,2001,2002
1120,1120.0,6.0,,0,,0,528,Unf,1979.0,2240,TA,7018,64.0,0.0,0,5,5,0,1979,1979
888,0.0,3.0,No,386,LwQ,342,312,Unf,1942.0,1644,Gd,9480,79.0,224.0,0,7,5,728,1942,1995
1053,0.0,3.0,No,0,Unf,1053,648,RFn,2003.0,1992,Gd,9375,75.0,768.0,45,5,8,1053,2003,2004
1654,0.0,3.0,No,986,GLQ,668,900,Unf,2002.0,1654,Gd,8125,69.0,295.0,136,5,7,1654,2002,2002
1340,0.0,3.0,Av,24,GLQ,1316,396,Fin,2007.0,1340,Gd,8899,73.0,0.0,30,5,7,1340,2007,2007
1040,0.0,2.0,,0,,0,400,Unf,1949.0,1040,TA,8544,69.0,340.0,0,4,3,0,1949,1950
1232,0.0,2.0,Av,724,GLQ,508,632,,2007.0,1232,Gd,7314,64.0,82.0,0,5,7,1232,2007,2007
855,0.0,3.0,No,566,ALQ,289,440,,1976.0,1456,TA,2280,24.0,0.0,0,6,6,855,1976,1976
689,689.0,3.0,No,141,Rec,548,360,Unf,1928.0,1378,Gd,9600,60.0,0.0,0,9,7,689,1928,2005
1178,0.0,3.0,No,1084,BLQ,92,439,Unf,1973.0,1178,Gd,10000,80.0,0.0,0,6,5,1176,1973,2000
735,660.0,3.0,No,593,BLQ,130,497,Unf,1972.0,1395,TA,12936,69.0,0.0,116,6,6,723,1972,1972
1377,806.0,4.0,No,1002,GLQ,0,786,Unf,1988.0,2183,Gd,13837,69.0,178.0,0,5,7,1204,1988,1988
1110,0.0,3.0,Av,1097,GLQ,0,602,Fin,1978.0,1110,Gd,9101,69.0,104.0,30,6,5,1097,1978,1978
1663,0.0,2.0,Gd,1116,BLQ,248,529,,1954.0,1663,Gd,53227,69.0,0.0,137,6,4,1364,1954,1994
680,790.0,3.0,No,310,,370,420,Fin,1993.0,1470,TA,9765,69.0,68.0,63,8,6,680,1993,1993
1296,0.0,2.0,,0,,0,516,Unf,1967.0,1296,TA,10791,72.0,0.0,0,5,4,0,1967,1967
1766,0.0,3.0,Mn,1121,GLQ,645,478,Fin,2009.0,1766,Ex,9187,85.0,162.0,130,5,9,1766,2009,2009
1190,900.0,3.0,Mn,828,GLQ,180,577,Fin,1984.0,2090,Gd,5062,69.0,0.0,0,5,7,1190,1984,1984
600,0.0,3.0,No,0,Unf,600,0,,1980.0,968,TA,5925,50.0,0.0,0,6,3,600,1910,1950
1634,0.0,3.0,No,0,Unf,1626,866,,2006.0,1634,Gd,11428,98.0,248.0,44,5,8,1626,2006,2006
630,0.0,3.0,Av,515,GLQ,115,286,Unf,1970.0,630,Gd,1526,21.0,0.0,0,8,4,630,1970,2002
1152,0.0,3.0,No,0,Unf,1092,300,Unf,1950.0,1152,Gd,14000,80.0,0.0,36,8,6,1092,1950,2004
938,1215.0,4.0,No,259,LwQ,425,0,,1980.0,2358,TA,5250,50.0,0.0,54,5,8,684,1872,1987
1208,0.0,2.0,Av,686,GLQ,501,632,RFn,2006.0,1208,Gd,6762,64.0,24.0,61,5,7,1187,2006,2006
939,858.0,3.0,Av,0,Unf,939,639,,2006.0,1797,Gd,9245,79.0,0.0,53,5,7,939,2006,2006
1352,0.0,2.0,No,0,Unf,1352,466,,2006.0,1352,Gd,4230,47.0,0.0,241,5,7,1352,2006,2007
1339,0.0,3.0,No,1053,ALQ,256,484,Fin,1990.0,1339,TA,8049,50.0,54.0,58,5,7,1309,1990,1990
572,524.0,2.0,No,0,Unf,572,0,,1980.0,1096,TA,9600,60.0,0.0,8,5,6,572,1924,1950
1204,0.0,2.0,No,866,GLQ,338,412,,1998.0,1204,TA,4500,32.0,320.0,247,5,6,1204,1998,1998
950,0.0,3.0,No,412,BLQ,251,280,Unf,1981.0,950,TA,9758,61.0,0.0,0,5,5,950,1971,1971
3228,0.0,3.0,No,1231,GLQ,1969,546,,1992.0,3228,Gd,12692,69.0,0.0,75,5,8,3200,1992,1993
1309,0.0,3.0,No,663,ALQ,0,484,RFn,1974.0,1309,Gd,10140,78.0,99.0,0,6,6,1040,1974,1999
1014,730.0,3.0,No,402,BLQ,594,457,RFn,1993.0,1744,Gd,9453,69.0,0.0,70,7,7,996,1993,2003
968,0.0,2.0,No,0,Unf,968,480,Unf,1935.0,968,TA,8520,60.0,0.0,0,6,5,968,1923,2006
976,332.0,2.0,No,428,Rec,300,256,Unf,1940.0,1308,TA,9600,130.0,0.0,70,7,5,728,1940,1950
1470,0.0,4.0,No,986,GLQ,484,696,,1998.0,2630,Gd,9200,80.0,473.0,66,5,8,1470,1998,1998
1078,0.0,3.0,No,734,GLQ,344,500,Fin,1971.0,1078,TA,12537,69.0,0.0,0,6,5,1078,1971,2008
800,832.0,4.0,No,400,GLQ,336,484,Unf,1966.0,1632,Gd,9130,69.0,252.0,40,8,6,800,1966,2000
916,0.0,4.0,No,299,ALQ,611,164,Unf,1915.0,1826,Ex,2500,50.0,0.0,0,8,7,910,1915,2005
1175,807.0,3.0,Av,421,GLQ,386,575,,1989.0,1982,Gd,11287,82.0,340.0,84,6,7,807,1989,1989
1134,1370.0,4.0,No,0,Unf,1122,656,Fin,2005.0,2504,Ex,11198,77.0,245.0,39,5,9,1122,2005,2007
520,623.0,2.0,No,0,Unf,600,480,RFn,2005.0,1223,Gd,2544,24.0,0.0,166,5,7,600,2005,2005
1661,0.0,3.0,No,0,Unf,1649,598,RFn,1998.0,1661,Gd,12137,48.0,442.0,34,5,7,1649,1998,1998
1478,0.0,2.0,Av,578,GLQ,892,484,Fin,2009.0,1478,Gd,4403,69.0,432.0,144,5,7,1470,2009,2009
2000,0.0,3.0,No,1464,GLQ,536,888,,2004.0,2000,Gd,10386,80.0,246.0,0,5,8,2000,2004,2005
768,432.0,3.0,No,352,BLQ,416,240,Unf,1946.0,1200,TA,11767,70.0,0.0,0,6,5,768,1946,1995
840,0.0,3.0,No,116,LwQ,556,0,,1980.0,840,TA,4388,55.0,0.0,0,7,5,672,1930,1950
979,979.0,4.0,No,484,Rec,495,492,Unf,1946.0,1958,TA,7136,82.0,423.0,0,6,6,979,1946,1950
1172,741.0,3.0,No,0,Unf,896,342,,1929.0,1913,TA,7558,57.0,0.0,0,6,6,896,1928,1950
1167,0.0,3.0,No,645,BLQ,270,495,Unf,1972.0,1167,TA,8731,98.0,0.0,0,5,5,915,1920,1950
2196,0.0,3.0,Mn,485,ALQ,1496,701,RFn,1990.0,2196,Gd,14684,90.0,234.0,70,7,7,2158,1990,1991
1103,0.0,2.0,No,397,BLQ,706,440,,1976.0,1103,Gd,6000,50.0,0.0,120,6,6,1103,1925,1980
849,811.0,3.0,No,326,LwQ,389,240,Unf,1939.0,1660,TA,11988,74.0,0.0,0,7,6,715,1934,1995
742,729.0,3.0,No,381,GLQ,348,440,Unf,1999.0,1471,TA,3230,34.0,894.0,24,5,6,729,1999,1999
1640,0.0,3.0,No,728,BLQ,568,924,Unf,1993.0,1640,Gd,14778,69.0,72.0,0,7,6,1296,1954,2006
773,0.0,2.0,No,570,,203,240,Unf,1953.0,773,TA,7677,57.0,0.0,0,5,5,773,1953,1953
943,0.0,3.0,Gd,828,GLQ,115,472,Fin,1998.0,1638,TA,9042,59.0,0.0,38,5,6,943,1998,1998
960,0.0,3.0,No,520,Rec,440,432,Fin,1965.0,960,TA,10921,73.0,48.0,0,5,4,960,1965,1965
1518,631.0,1.0,No,1351,GLQ,83,670,RFn,2003.0,2149,Gd,12822,48.0,0.0,43,5,7,1434,2003,2003
786,0.0,3.0,No,0,Unf,768,676,RFn,2008.0,1590,Gd,9000,75.0,0.0,30,5,8,768,2008,2008
756,797.0,3.0,No,0,Unf,756,615,RFn,2005.0,1553,Gd,8125,65.0,0.0,45,5,7,756,2005,2006
1056,0.0,0.0,No,1056,GLQ,0,576,Unf,1980.0,1056,TA,6979,64.0,0.0,56,5,6,1056,1980,1980
734,0.0,2.0,No,0,Unf,648,440,,1990.0,1118,TA,4400,40.0,0.0,0,8,6,648,1920,1950
1229,0.0,3.0,No,1059,ALQ,75,284,RFn,1956.0,1229,TA,17140,69.0,0.0,0,6,4,1134,1956,1956
1098,880.0,4.0,No,552,BLQ,280,486,RFn,1968.0,1978,TA,9900,69.0,342.0,43,5,7,832,1968,1968
1113,858.0,3.0,Mn,341,GLQ,772,689,RFn,2005.0,1971,Gd,9675,75.0,0.0,48,5,7,1113,2005,2005
1062,0.0,3.0,Av,539,ALQ,490,539,RFn,1976.0,1062,TA,11333,69.0,0.0,0,5,6,1029,1976,1976
720,0.0,2.0,No,495,Rec,225,0,,1980.0,720,TA,7879,60.0,0.0,523,5,4,720,1920,1950
1710,0.0,2.0,Gd,1400,,310,866,RFn,2007.0,1710,Gd,13891,107.0,436.0,102,5,8,1710,2007,2008
1436,884.0,3.0,No,774,ALQ,104,180,Unf,1945.0,2320,Gd,7259,61.0,0.0,0,8,6,1028,1945,2002
1652,0.0,2.0,Av,1196,GLQ,298,499,RFn,2000.0,1652,Ex,5330,41.0,0.0,48,5,8,1494,2000,2000
1344,0.0,3.0,No,111,GLQ,354,525,RFn,1958.0,1344,Gd,14375,69.0,541.0,118,6,6,819,1958,1958
1035,371.0,3.0,No,0,Unf,319,0,,1980.0,1406,Fa,7920,69.0,0.0,144,7,6,319,1920,1950
1307,1051.0,5.0,No,0,Unf,907,360,,1908.0,2358,TA,45600,75.0,0.0,40,8,6,907,1908,1997
1069,0.0,2.0,No,360,ALQ,709,440,RFn,1977.0,1069,TA,4043,53.0,0.0,55,5,6,1069,1977,1977
1459,0.0,3.0,No,0,,1459,527,RFn,2002.0,1459,Gd,8749,70.0,100.0,39,5,7,1459,2002,2002
1040,685.0,3.0,No,315,GLQ,114,550,RFn,1979.0,1725,TA,11584,80.0,96.0,88,6,7,539,1979,1979
1044,0.0,2.0,Av,0,Unf,540,504,Unf,1952.0,1044,Fa,8712,66.0,0.0,0,5,5,540,1952,1952
1548,1066.0,4.0,No,956,ALQ,384,624,RFn,1974.0,2614,TA,10800,90.0,0.0,243,7,6,1522,1974,1997
1344,0.0,3.0,Gd,1309,GLQ,35,784,Fin,1997.0,1344,TA,7060,78.0,200.0,0,5,7,1344,1997,1998
1586,0.0,3.0,No,0,,1362,435,Unf,1979.0,1586,TA,17043,48.0,0.0,0,5,6,1362,1979,1998
780,840.0,4.0,No,493,Rec,0,462,Fin,1969.0,1620,TA,10793,80.0,263.0,0,5,5,780,1969,1969
1040,0.0,3.0,No,732,GLQ,308,576,,2000.0,1040,Gd,12464,82.0,0.0,0,5,5,1040,1996,1996
649,668.0,3.0,No,0,Unf,649,250,Unf,1920.0,1317,TA,8500,50.0,0.0,54,4,4,649,1920,1950
1523,0.0,3.0,No,644,ALQ,549,478,Fin,1976.0,1523,TA,11361,104.0,160.0,0,5,6,1193,1976,1976
936,316.0,3.0,No,0,Unf,504,576,Unf,1986.0,1252,TA,7438,92.0,0.0,0,8,5,504,1908,1991
1074,0.0,3.0,No,788,ALQ,268,495,RFn,1975.0,1074,TA,10140,78.0,0.0,88,6,5,1056,1975,1975
720,0.0,2.0,No,0,Unf,624,484,Unf,2005.0,720,TA,8520,60.0,0.0,0,8,6,624,1928,2003
1766,648.0,3.0,No,664,BLQ,290,520,,1970.0,2414,TA,10800,60.0,0.0,0,4,5,954,1900,1970
864,864.0,3.0,No,503,Rec,361,673,RFn,2003.0,1728,Gd,8791,64.0,0.0,56,5,6,864,2003,2003
1244,0.0,3.0,No,777,Rec,467,336,Unf,1957.0,1244,TA,11988,90.0,0.0,40,6,6,1244,1957,1957
1240,0.0,2.0,Av,0,Unf,1240,826,RFn,2006.0,1240,Gd,8556,74.0,0.0,93,5,7,1240,2006,2006
811,741.0,3.0,No,550,ALQ,163,434,RFn,1975.0,1552,TA,11475,85.0,0.0,208,6,6,713,1975,1975
1506,0.0,2.0,No,0,Unf,1498,592,,2008.0,1506,Ex,14587,75.0,284.0,174,5,9,1498,2008,2008
2129,743.0,4.0,No,700,GLQ,983,541,Fin,1992.0,2872,Gd,10678,85.0,337.0,33,5,8,1683,1992,2000
750,750.0,3.0,No,0,Unf,750,564,RFn,2005.0,1500,Gd,8846,68.0,0.0,35,5,6,750,2005,2006
1932,0.0,2.0,Av,1336,GLQ,596,774,Fin,2008.0,1932,Ex,12444,96.0,426.0,66,5,8,1932,2008,2008
1504,0.0,2.0,No,16,GLQ,1330,437,Fin,2005.0,1504,Gd,3182,43.0,14.0,20,5,7,1346,2005,2006
1465,915.0,3.0,No,187,LwQ,111,596,Unf,1965.0,2380,TA,18450,69.0,113.0,265,5,6,1021,1965,1979
951,0.0,2.0,No,285,ALQ,666,327,Unf,1936.0,951,TA,8765,50.0,0.0,28,6,4,951,1936,1950
888,868.0,3.0,No,742,ALQ,130,422,Fin,1996.0,1756,TA,9303,69.0,42.0,122,5,6,872,1996,1997
926,678.0,3.0,No,0,Unf,926,470,Fin,1997.0,1604,TA,10839,100.0,0.0,36,5,6,926,1997,1998
832,650.0,3.0,No,624,ALQ,26,324,Unf,1930.0,1482,TA,9000,50.0,0.0,0,9,7,650,1920,1988
1561,0.0,2.0,No,1153,GLQ,408,556,Fin,2005.0,1561,Ex,7313,60.0,246.0,47,5,9,1561,2005,2005
1682,0.0,3.0,No,0,Unf,1304,530,Unf,1970.0,1682,TA,10400,80.0,288.0,0,6,7,1304,1970,1970
1136,0.0,3.0,No,892,Rec,244,384,,1965.0,1136,TA,9200,80.0,0.0,0,6,6,1136,1965,1965
864,0.0,2.0,No,120,LwQ,744,400,Unf,1951.0,864,TA,19138,140.0,0.0,0,5,4,864,1951,1951
806,766.0,3.0,No,0,Unf,806,373,Fin,1995.0,1572,TA,10364,69.0,0.0,40,5,6,806,1995,1996
1425,0.0,3.0,No,490,,935,576,RFn,1964.0,1425,TA,10175,100.0,272.0,0,5,6,1425,1964,1964
1071,1101.0,3.0,No,0,Unf,1063,947,RFn,2006.0,2172,Gd,14154,109.0,350.0,62,5,7,1063,2006,2006
1166,0.0,2.0,Gd,655,GLQ,201,400,Fin,2005.0,1166,Gd,9587,59.0,182.0,0,5,7,856,2005,2005
864,0.0,2.0,No,41,BLQ,823,0,,1980.0,864,TA,8248,45.0,0.0,0,3,3,864,1914,1950
800,0.0,1.0,No,0,Unf,264,0,,1980.0,800,Fa,6120,51.0,0.0,0,3,2,264,1936,1950
1126,0.0,3.0,No,936,ALQ,190,484,RFn,1977.0,1126,TA,17400,80.0,0.0,41,5,5,1126,1977,1977
1256,0.0,3.0,No,830,BLQ,136,276,Fin,1965.0,1256,TA,9937,75.0,0.0,68,6,5,1256,1965,1965
976,732.0,3.0,No,0,Unf,976,380,,2004.0,1708,Gd,3363,32.0,117.0,40,5,7,976,2004,2004
1050,0.0,3.0,No,915,Rec,135,368,Unf,1961.0,1050,TA,10659,69.0,0.0,319,6,5,1050,1961,1961
979,224.0,3.0,No,185,LwQ,524,352,Unf,1950.0,1203,Gd,7015,69.0,161.0,0,4,5,709,1950,1950
1164,896.0,4.0,No,831,GLQ,320,521,,1988.0,2060,TA,10029,97.0,268.0,228,5,6,1151,1988,1989
912,0.0,2.0,No,456,Rec,456,275,RFn,1958.0,912,TA,10150,70.0,1.0,0,5,5,912,1958,1958
1494,0.0,3.0,Gd,1443,GLQ,39,514,RFn,1998.0,1494,Gd,16196,69.0,0.0,25,5,7,1482,1998,1998
728,728.0,3.0,No,0,Unf,728,390,Fin,2005.0,1456,Gd,8461,65.0,0.0,24,5,6,728,2005,2006
1252,668.0,4.0,No,57,ALQ,554,451,Unf,1958.0,1920,Gd,13650,69.0,0.0,0,5,5,1052,1958,1958
698,698.0,3.0,No,0,Unf,698,384,Unf,2003.0,1396,TA,8730,60.0,0.0,0,7,6,698,1915,2003
1156,866.0,4.0,No,392,BLQ,768,505,Fin,1977.0,2022,TA,10005,83.0,299.0,117,5,7,1160,1977,1977
1776,0.0,3.0,Gd,80,GLQ,1652,712,Fin,2006.0,1776,Gd,15306,93.0,100.0,0,5,8,1732,2006,2007
1602,0.0,3.0,No,1246,ALQ,356,529,Fin,1977.0,1602,Gd,16635,69.0,126.0,0,7,6,1602,1977,2000
1094,761.0,3.0,No,0,Unf,528,512,RFn,1976.0,1855,TA,9600,80.0,360.0,100,7,6,528,1976,1994
1482,780.0,3.0,Gd,871,GLQ,611,749,Fin,2003.0,2262,Gd,12244,85.0,226.0,0,5,8,1482,2003,2003
1285,0.0,3.0,No,0,Unf,660,528,RFn,1977.0,1285,TA,8197,71.0,148.0,0,5,6,660,1977,1977
1140,728.0,3.0,No,0,Unf,585,477,Fin,1984.0,1868,TA,12090,78.0,74.0,112,7,6,585,1984,2003
1414,0.0,2.0,No,0,Unf,1375,398,Fin,2004.0,1414,Gd,3072,69.0,18.0,20,5,7,1375,2004,2004
1314,0.0,2.0,No,904,GLQ,410,626,,2008.0,1314,Gd,5001,34.0,166.0,62,5,7,1314,2007,2008
1310,1140.0,3.0,Mn,781,GLQ,503,1069,Fin,1998.0,2450,Gd,16545,69.0,731.0,126,5,8,1284,1998,1998
910,0.0,4.0,No,507,Rec,403,720,Unf,2000.0,1385,TA,8520,71.0,0.0,0,4,5,910,1952,1952
1121,0.0,2.0,No,0,Unf,1121,440,RFn,2003.0,1121,TA,8546,80.0,0.0,64,5,4,1121,2003,2004
980,0.0,3.0,No,560,BLQ,420,484,Unf,1986.0,980,TA,7064,71.0,153.0,0,6,5,980,1977,1977
1140,0.0,3.0,No,0,Unf,1140,0,,1980.0,1140,TA,17217,90.0,0.0,56,5,5,1140,2006,2006
1560,0.0,3.0,No,0,Unf,1560,573,Fin,2003.0,1560,Gd,9196,129.0,0.0,150,5,7,1560,2003,2003
1378,994.0,4.0,No,0,Unf,994,432,RFn,1985.0,2372,TA,6600,60.0,0.0,287,4,5,994,1892,1965
1048,0.0,3.0,,0,,0,420,Unf,1950.0,1048,TA,7200,60.0,0.0,27,5,5,0,1950,1950
1214,0.0,2.0,No,698,ALQ,420,461,Unf,1965.0,1214,TA,9170,70.0,0.0,0,7,5,1214,1965,1965
835,0.0,2.0,No,108,ALQ,350,366,Unf,1920.0,835,TA,10625,85.0,0.0,0,5,5,458,1920,1950
1337,0.0,2.0,No,733,GLQ,604,462,RFn,1993.0,1337,Gd,5395,41.0,0.0,0,5,8,1337,1993,1993
1080,672.0,4.0,Av,427,GLQ,132,492,RFn,1988.0,1752,TA,12134,152.0,0.0,12,7,8,559,1988,2005
1133,1349.0,4.0,Gd,0,Unf,1094,642,Fin,2005.0,2482,Gd,12665,88.0,245.0,39,5,8,1094,2005,2006
764,783.0,3.0,Mn,24,GLQ,732,614,Unf,2009.0,1547,Gd,8640,72.0,0.0,45,5,7,756,2009,2009
1500,0.0,3.0,Av,1032,GLQ,431,712,RFn,1994.0,2622,Gd,12256,98.0,362.0,32,5,8,1463,1994,1995
1246,1044.0,4.0,No,0,Unf,777,560,Unf,1971.0,2290,TA,11340,60.0,0.0,0,6,4,777,1885,1950
996,0.0,3.0,No,290,BLQ,706,0,,1980.0,996,TA,13907,63.0,0.0,0,6,5,996,1940,1969
767,0.0,1.0,Av,584,GLQ,0,367,Fin,1998.0,767,TA,4058,34.0,182.0,40,5,7,723,1998,1998
1898,1080.0,5.0,No,0,Unf,710,564,Fin,1961.0,2978,Gd,11275,96.0,300.0,0,7,7,710,1967,2007
1268,1097.0,3.0,Mn,1163,GLQ,89,856,,1999.0,2365,Gd,9430,82.0,673.0,128,5,8,1252,1999,1999
1220,870.0,3.0,No,1079,GLQ,141,556,RFn,1995.0,2090,Gd,10000,80.0,438.0,65,5,8,1220,1995,1996
1028,0.0,2.0,No,0,Unf,1008,360,Unf,1927.0,1028,TA,8960,56.0,0.0,0,6,5,1008,1927,1950
925,0.0,3.0,No,338,BLQ,121,429,Unf,1965.0,925,TA,9100,70.0,0.0,0,6,5,925,1965,1965
525,0.0,3.0,No,0,Unf,525,264,Unf,1971.0,1092,TA,1680,21.0,381.0,0,5,6,525,1971,1971
1122,0.0,2.0,No,144,GLQ,172,528,Unf,1948.0,1122,Gd,12000,100.0,0.0,36,7,5,924,1948,2005
774,456.0,3.0,No,384,ALQ,363,305,Unf,1946.0,1230,TA,4712,51.0,0.0,57,7,4,747,1946,1950
1370,0.0,3.0,No,0,Unf,1090,479,RFn,1976.0,1370,TA,10400,80.0,189.0,0,5,7,1090,1976,1976
1068,0.0,3.0,No,663,GLQ,396,264,RFn,1963.0,1068,TA,8414,70.0,0.0,0,8,6,1059,1963,2003
1004,0.0,2.0,No,578,ALQ,426,480,Fin,1970.0,1004,TA,11241,69.0,180.0,0,7,6,1004,1970,1970
1008,0.0,2.0,No,643,BLQ,365,240,Unf,1953.0,1008,Gd,8923,66.0,0.0,18,7,5,1008,1953,2006
1629,0.0,3.0,Av,1300,GLQ,316,808,Fin,2002.0,1629,Gd,14536,85.0,236.0,252,5,8,1616,2002,2003
943,0.0,2.0,Gd,943,GLQ,0,600,Unf,1979.0,943,TA,7032,69.0,0.0,0,5,5,943,1979,1979
960,0.0,2.0,No,250,ALQ,710,308,Unf,1997.0,960,Fa,6000,50.0,0.0,0,4,4,960,1920,1950
1077,0.0,3.0,No,0,Unf,1007,210,Unf,1922.0,1077,TA,9786,60.0,0.0,100,4,3,1007,1922,1950
1442,0.0,3.0,No,0,Unf,1424,500,,1990.0,1442,TA,11851,99.0,0.0,34,5,7,1424,1990,1990
1072,0.0,2.0,Gd,547,GLQ,0,525,Fin,2005.0,1072,TA,3675,35.0,82.0,44,5,6,547,2005,2006
927,988.0,3.0,Mn,789,GLQ,119,506,Fin,1992.0,1915,Gd,10041,80.0,0.0,150,5,8,908,1992,1992
1489,0.0,3.0,No,0,Unf,1489,462,RFn,1968.0,1489,Gd,9156,69.0,0.0,0,7,6,1489,1968,1968
1158,1218.0,4.0,Av,0,Unf,1158,853,RFn,2005.0,2376,Gd,14215,101.0,380.0,154,5,8,1158,2005,2006
1668,0.0,3.0,Av,370,BLQ,315,502,Fin,2003.0,1668,Gd,10635,48.0,171.0,262,5,8,1657,2003,2003
902,0.0,3.0,No,599,GLQ,277,288,Unf,1967.0,902,TA,6173,69.0,75.0,0,6,5,876,1967,1967
824,1070.0,4.0,No,624,GLQ,193,510,,2002.0,1894,Gd,11316,80.0,44.0,40,5,7,817,2002,2003
702,779.0,3.0,No,0,Unf,702,343,Fin,1994.0,1481,TA,8125,65.0,0.0,36,5,6,702,1994,1995
1194,0.0,3.0,Mn,655,ALQ,0,539,Fin,1954.0,1194,TA,8910,79.0,0.0,0,6,6,655,1959,1959
1057,0.0,3.0,No,731,GLQ,326,246,Unf,1953.0,1057,Gd,7922,68.0,0.0,52,7,5,1057,1953,2007
1096,0.0,3.0,Mn,75,BLQ,230,299,Fin,1969.0,1096,TA,15870,69.0,0.0,32,5,5,1096,1969,1969
1040,0.0,3.0,No,824,ALQ,216,308,Fin,1963.0,1040,TA,7500,75.0,0.0,0,5,5,1040,1963,1963
956,930.0,3.0,No,0,Unf,930,431,Fin,1998.0,1886,Gd,11214,69.0,0.0,0,5,7,930,1998,1999
842,630.0,3.0,Mn,0,Unf,702,250,Unf,1925.0,1472,Gd,9600,60.0,0.0,0,8,5,702,1925,1994
1484,0.0,3.0,Av,712,GLQ,761,606,RFn,2004.0,1484,Gd,8400,70.0,109.0,35,5,7,1473,2004,2005
1350,0.0,3.0,Gd,624,GLQ,288,520,RFn,1964.0,1350,TA,9020,82.0,259.0,0,5,6,1248,1964,1964
884,884.0,3.0,No,550,GLQ,334,543,,2003.0,1768,Gd,8158,65.0,252.0,63,5,7,884,2003,2003
1100,0.0,3.0,No,419,ALQ,375,312,RFn,1960.0,1100,TA,12493,69.0,0.0,0,5,4,1100,1960,1960
1944,0.0,3.0,Gd,1274,,622,708,Fin,2003.0,1944,Ex,12378,90.0,0.0,175,5,9,1896,2003,2004
630,0.0,1.0,Av,553,GLQ,77,0,,1980.0,630,Ex,1533,21.0,0.0,0,7,5,630,1970,1970
1258,0.0,2.0,Av,0,Unf,1258,648,Fin,2007.0,1258,Gd,3922,53.0,72.0,16,5,7,1258,2006,2007
1096,370.0,3.0,No,626,ALQ,170,566,,1950.0,1466,Gd,10800,60.0,0.0,21,8,5,796,1936,1989
882,0.0,3.0,No,138,LwQ,276,461,Unf,1980.0,882,TA,7700,70.0,0.0,0,5,5,882,1972,1972
1563,0.0,3.0,No,33,GLQ,1530,758,RFn,2007.0,1563,Gd,10206,78.0,468.0,99,5,8,1563,2007,2007
864,0.0,2.0,No,468,Rec,396,0,,1980.0,864,TA,5604,67.0,0.0,0,6,5,864,1925,1950
1281,457.0,4.0,No,0,Unf,715,368,Unf,1920.0,1738,TA,12513,69.0,0.0,0,4,4,715,1920,2007
894,1039.0,4.0,Mn,0,Unf,894,668,Fin,2007.0,1933,Gd,14598,86.0,74.0,18,5,6,894,2007,2007
936,785.0,3.0,No,814,GLQ,114,471,,1994.0,1721,Gd,8462,70.0,105.0,87,5,6,928,1994,1994
754,640.0,3.0,No,0,,384,400,Fin,2007.0,1394,Gd,9735,73.0,0.0,0,5,5,384,2006,2007
960,0.0,3.0,Av,789,ALQ,171,576,Unf,1970.0,960,TA,9873,60.0,160.0,288,5,4,960,1970,1970
575,560.0,3.0,No,350,ALQ,0,576,RFn,1971.0,1135,Gd,7200,60.0,0.0,0,9,7,560,1936,2007
1072,213.0,2.0,No,336,BLQ,295,240,Unf,1948.0,1285,TA,8635,50.0,0.0,0,5,5,672,1948,2001
1383,1015.0,3.0,No,719,,660,834,Fin,1996.0,2398,Gd,11787,95.0,594.0,60,5,7,1379,1996,1997
1610,551.0,3.0,No,1288,GLQ,294,789,Fin,2007.0,2161,Ex,10562,86.0,300.0,120,5,8,1582,2007,2007
1726,0.0,3.0,No,1126,,600,786,,2007.0,1726,Ex,9416,79.0,205.0,138,5,7,1726,2007,2007
1362,0.0,3.0,No,288,ALQ,700,504,,1961.0,1362,TA,10197,80.0,491.0,20,5,6,1362,1961,1961
1236,0.0,2.0,No,360,BLQ,710,447,Unf,1957.0,1236,Gd,10011,72.0,64.0,0,6,5,1070,1957,1996
1314,0.0,3.0,No,922,Rec,392,294,RFn,1957.0,1314,TA,8400,70.0,0.0,0,6,5,1314,1957,1957
768,664.0,2.0,No,0,Unf,264,360,Unf,1910.0,1432,TA,9600,60.0,0.0,0,7,5,264,1910,2002
1126,0.0,3.0,Av,767,ALQ,266,540,RFn,1977.0,1126,Ex,15611,69.0,0.0,0,6,5,1126,1977,1977
962,830.0,3.0,No,0,Unf,936,451,Fin,2000.0,1792,TA,10261,93.0,318.0,0,5,6,936,2000,2000
1065,846.0,3.0,No,380,,397,471,RFn,1993.0,1911,Gd,9554,80.0,125.0,81,5,8,777,1993,1994
616,688.0,3.0,Mn,0,Unf,264,336,Fin,1976.0,1304,TA,2665,69.0,0.0,24,6,5,264,1976,1976
1163,0.0,3.0,No,256,ALQ,906,220,Unf,1955.0,1163,TA,5820,49.0,0.0,98,8,3,1162,1955,2005
1134,0.0,2.0,No,588,,422,254,,1960.0,1134,TA,7000,70.0,45.0,16,7,5,1010,1960,2002
779,0.0,2.0,No,0,Unf,742,308,Unf,1988.0,935,TA,9100,50.0,0.0,0,6,5,742,1930,1960
1314,0.0,2.0,No,904,GLQ,410,626,RFn,2008.0,1314,Gd,5063,34.0,166.0,62,5,7,1314,2007,2008
1494,0.0,3.0,Av,437,LwQ,0,481,Fin,1995.0,1494,Ex,9549,30.0,0.0,30,5,8,1494,1995,1996
1532,797.0,4.0,No,1085,GLQ,390,514,Unf,1990.0,2329,Gd,11839,86.0,99.0,121,5,7,1475,1990,1990
816,0.0,2.0,Gd,104,LwQ,0,516,Unf,1963.0,816,TA,8472,110.0,0.0,0,5,5,816,1963,1963
768,0.0,2.0,Av,656,GLQ,112,396,Unf,1988.0,768,TA,8445,70.0,0.0,0,7,5,768,1972,2007
768,0.0,2.0,Av,619,ALQ,149,624,Unf,1987.0,768,TA,7244,54.0,0.0,0,7,5,768,1970,1970
1200,0.0,3.0,Gd,1200,GLQ,0,0,,1980.0,1200,TA,10800,60.0,0.0,0,5,5,1200,1987,1988
941,888.0,3.0,No,483,GLQ,458,613,RFn,2003.0,1829,Gd,9548,44.0,223.0,39,6,7,941,2003,2003
913,0.0,3.0,Gd,187,LwQ,0,240,Unf,1990.0,913,TA,8400,70.0,0.0,0,5,6,814,1966,1966
630,672.0,3.0,No,231,ALQ,399,264,Unf,1972.0,1302,TA,1680,21.0,268.0,0,7,5,630,1972,1972
790,784.0,3.0,Mn,712,GLQ,84,566,Fin,1976.0,1574,TA,18800,69.0,120.0,111,5,6,796,1976,1976
1422,0.0,3.0,Av,0,Unf,1422,626,RFn,2004.0,1422,Gd,8500,63.0,106.0,60,5,7,1422,2004,2004
999,0.0,3.0,Av,784,BLQ,141,300,Unf,1962.0,999,TA,10205,69.0,0.0,72,5,5,925,1962,1962
1080,0.0,3.0,No,570,BLQ,510,288,Unf,1958.0,1080,TA,9464,75.0,135.0,0,7,6,1080,1958,1958
790,0.0,2.0,Mn,384,,384,160,Unf,1925.0,790,TA,6292,52.0,0.0,141,5,6,768,1930,1950
944,0.0,2.0,,0,,0,528,Unf,1956.0,944,Fa,10206,74.0,0.0,0,3,3,0,1952,1952
1053,795.0,4.0,No,0,Unf,833,370,Unf,1922.0,1848,Gd,13053,64.0,0.0,0,7,6,833,1923,2000
1067,472.0,3.0,No,0,Unf,927,576,Unf,1995.0,1539,TA,6120,51.0,0.0,0,6,5,927,1936,1950
1430,0.0,3.0,No,0,Unf,1413,605,RFn,2001.0,1430,Gd,16285,67.0,0.0,33,5,7,1413,2001,2002
2036,0.0,3.0,Gd,1236,ALQ,80,513,RFn,1965.0,2036,TA,215245,150.0,0.0,0,5,7,2136,1965,1965
1283,0.0,3.0,No,504,Rec,319,506,Unf,1980.0,1283,TA,7763,70.0,0.0,0,7,5,931,1962,1980
2259,0.0,3.0,Mn,35,,905,450,Unf,1953.0,2259,Gd,21000,69.0,184.0,120,5,6,1809,1953,1953
1005,1286.0,4.0,No,0,Unf,975,429,Fin,1999.0,2291,Gd,8738,66.0,302.0,0,5,7,975,1999,1999
1036,0.0,3.0,No,375,Rec,457,288,Unf,1949.0,1268,TA,12144,60.0,0.0,28,7,5,832,1949,1950
1434,0.0,3.0,No,20,GLQ,1434,527,RFn,2001.0,1434,Gd,8529,65.0,0.0,39,5,7,1454,2001,2001
1699,1523.0,5.0,Mn,1470,GLQ,203,594,Unf,1990.0,3222,Gd,12376,90.0,0.0,0,5,7,1673,1990,1990
1518,0.0,1.0,Gd,1218,GLQ,300,588,RFn,2003.0,1518,Ex,12677,62.0,472.0,140,5,8,1518,2003,2004
1992,876.0,4.0,Av,240,GLQ,1752,716,Fin,2005.0,2868,Ex,16056,85.0,208.0,108,5,9,1992,2005,2006
804,1157.0,3.0,No,690,ALQ,114,560,Fin,2001.0,1961,Gd,12209,71.0,0.0,192,5,6,804,2001,2002
848,0.0,1.0,Av,697,GLQ,151,420,RFn,2004.0,848,Gd,4426,69.0,147.0,0,5,6,848,2004,2004
1646,0.0,3.0,Gd,1513,GLQ,125,800,RFn,2008.0,1646,Gd,9520,71.0,338.0,44,5,8,1638,2007,2008
1664,862.0,5.0,No,168,Rec,0,216,Unf,1916.0,2526,Gd,8520,60.0,0.0,15,7,6,714,1916,1950
882,0.0,1.0,No,0,Unf,882,0,,1980.0,882,TA,5500,55.0,0.0,0,6,4,882,1956,1956
1136,883.0,3.0,No,0,Unf,728,532,Unf,1997.0,2019,Gd,11414,60.0,0.0,135,8,7,728,1910,1993
1431,0.0,3.0,Av,560,GLQ,871,666,Fin,1999.0,1431,Gd,9017,68.0,0.0,35,5,7,1431,1999,1999
912,0.0,2.0,No,312,Rec,0,288,Unf,1964.0,912,TA,7800,66.0,0.0,0,5,5,912,1964,1964
630,0.0,1.0,Av,509,GLQ,121,286,Unf,1970.0,630,TA,1477,21.0,0.0,0,4,4,630,1970,1970
900,0.0,3.0,Mn,234,,180,576,Unf,2005.0,900,Gd,7200,60.0,0.0,32,7,5,900,1951,2000
1060,0.0,3.0,No,840,GLQ,200,572,,1976.0,1060,TA,4224,44.0,0.0,110,7,5,1040,1976,1976
1004,0.0,3.0,No,399,ALQ,605,420,,1950.0,1664,TA,5000,50.0,0.0,24,7,6,1004,1947,1950
1054,0.0,3.0,No,602,ALQ,14,460,Unf,1969.0,1054,TA,9750,65.0,0.0,0,8,6,1054,1969,1969
939,574.0,4.0,Mn,0,Unf,939,180,Unf,1933.0,1513,TA,6120,51.0,0.0,0,8,5,939,1920,2004
1680,0.0,4.0,No,0,Unf,1680,528,Unf,1976.0,1680,TA,11500,69.0,164.0,0,6,5,1680,1976,1976
1208,0.0,3.0,No,767,ALQ,441,546,RFn,1977.0,1208,TA,11250,69.0,0.0,42,6,6,1208,1977,1977
923,0.0,2.0,No,543,BLQ,261,264,RFn,1980.0,923,TA,8012,50.0,0.0,0,5,6,923,1980,1980
1536,0.0,3.0,Av,810,GLQ,726,532,RFn,2002.0,1536,Gd,9135,70.0,113.0,74,5,7,1536,2002,2003
980,0.0,4.0,Gd,945,,0,0,,1980.0,980,TA,9400,35.0,250.0,0,5,6,945,1975,1975
1707,0.0,2.0,No,0,Unf,1686,511,RFn,1981.0,1707,TA,16669,69.0,653.0,64,6,8,1686,1981,1981
742,742.0,3.0,No,0,Unf,742,390,Fin,2005.0,1484,Gd,12589,149.0,0.0,24,5,6,742,2005,2005
1800,0.0,3.0,Gd,1274,GLQ,526,765,Fin,2002.0,1800,Gd,14331,85.0,630.0,78,5,8,1800,2002,2002
932,0.0,2.0,No,0,Unf,932,306,Unf,1950.0,932,Gd,8280,57.0,0.0,0,5,6,932,1950,1950
1167,0.0,3.0,No,560,GLQ,598,400,RFn,1992.0,1167,Gd,9248,69.0,106.0,26,6,6,1158,1992,1992
1223,904.0,3.0,No,1000,GLQ,223,525,RFn,1994.0,2127,Gd,10944,81.0,448.0,132,5,7,1223,1994,1994
716,716.0,3.0,No,425,,291,432,Fin,2004.0,1432,Gd,7795,71.0,0.0,51,5,7,716,2004,2005
1966,1174.0,4.0,No,0,Unf,1926,820,Fin,2009.0,3140,Ex,13518,104.0,860.0,78,5,9,1926,2008,2009
864,0.0,3.0,No,553,Rec,0,360,Unf,1965.0,864,TA,8281,60.0,0.0,0,5,5,864,1965,1965
764,862.0,2.0,No,0,Unf,764,474,RFn,2003.0,1626,Gd,2628,36.0,106.0,27,5,7,764,2003,2003
954,0.0,3.0,Av,483,ALQ,428,576,Unf,1976.0,954,TA,10780,55.0,0.0,0,5,5,911,1976,1976
1114,0.0,3.0,No,646,GLQ,468,576,Unf,2004.0,1114,Gd,13695,66.0,0.0,102,5,5,1114,2004,2004
864,0.0,2.0,No,612,Rec,252,300,Unf,2008.0,864,TA,9100,70.0,0.0,0,6,6,864,1959,1959
1752,0.0,2.0,No,456,GLQ,1296,576,RFn,2005.0,1752,Ex,7658,61.0,412.0,82,5,9,1752,2005,2005
1646,0.0,3.0,Av,0,,1638,870,RFn,2007.0,1646,Gd,10656,67.0,274.0,80,5,8,1638,2006,2007
708,0.0,2.0,No,280,LwQ,140,0,,1980.0,708,Fa,5330,50.0,0.0,0,7,4,420,1940,1950
816,0.0,3.0,Av,816,GLQ,0,0,,1980.0,816,TA,11841,81.0,104.0,32,5,6,816,1990,1990
1057,872.0,3.0,No,738,,319,650,Fin,2001.0,1929,Gd,7050,69.0,0.0,235,5,7,1057,2001,2001
1316,0.0,3.0,Av,0,,1316,440,Fin,2007.0,1316,Gd,11175,103.0,0.0,20,5,7,1316,2007,2007
1149,467.0,3.0,Mn,370,LwQ,779,216,Unf,1926.0,1616,Gd,5400,40.0,0.0,0,7,6,1149,1926,2004
1218,0.0,2.0,No,27,GLQ,1191,676,Fin,2009.0,1218,Gd,7862,75.0,0.0,102,5,6,1218,2009,2009
546,0.0,3.0,No,273,BLQ,0,286,RFn,1970.0,1092,TA,2217,21.0,0.0,0,4,4,546,1970,1970
1040,1040.0,5.0,Av,650,Rec,390,504,Unf,1969.0,2080,Fa,11606,70.0,192.0,0,5,5,1040,1969,1969
1314,0.0,3.0,Mn,936,GLQ,364,552,RFn,2009.0,1314,Gd,8640,72.0,72.0,112,5,8,1300,2009,2009
526,462.0,2.0,Gd,462,GLQ,0,297,Unf,1973.0,988,TA,1596,21.0,0.0,101,5,4,462,1973,1973
1787,0.0,3.0,Gd,0,,1753,748,RFn,2001.0,1787,Gd,14781,69.0,178.0,150,5,8,1753,2001,2002
858,0.0,2.0,No,322,ALQ,536,684,Unf,1979.0,858,TA,7340,69.0,0.0,0,6,4,858,1971,1971
1168,678.0,3.0,Mn,196,Rec,844,315,Unf,1949.0,1846,TA,10496,78.0,320.0,0,6,6,1040,1949,1950
948,980.0,5.0,Mn,0,Unf,686,0,,1980.0,1928,TA,7082,69.0,0.0,0,8,5,686,1916,1995
1079,874.0,3.0,Av,985,GLQ,595,501,Fin,1992.0,1953,Gd,53107,69.0,0.0,231,5,6,1580,1992,1992
1020,1037.0,3.0,No,223,Rec,794,180,Fin,1936.0,2057,Gd,11500,86.0,0.0,0,7,7,1017,1936,1987
858,0.0,2.0,Av,685,GLQ,173,576,Unf,1983.0,858,TA,7252,69.0,0.0,0,5,5,858,1982,1982
1571,0.0,3.0,Gd,0,,1571,722,Fin,2007.0,1571,Gd,10991,89.0,80.0,36,5,8,1571,2007,2007
1712,0.0,4.0,No,528,LwQ,1098,588,Fin,2005.0,1712,TA,8393,70.0,122.0,54,5,5,1626,1959,2005
848,0.0,1.0,Av,685,GLQ,163,420,Fin,2003.0,848,Gd,4435,69.0,170.0,0,5,6,848,2003,2004
1324,0.0,3.0,No,643,Rec,445,440,,1965.0,1324,TA,8658,84.0,101.0,138,5,6,1088,1965,1965
1234,0.0,3.0,Av,0,Unf,1234,484,RFn,2007.0,1234,Gd,11049,85.0,0.0,30,5,8,1234,2007,2007
1824,0.0,2.0,Gd,1219,GLQ,424,739,Unf,1971.0,1824,Gd,115149,69.0,351.0,48,5,7,1643,1971,2002
968,0.0,4.0,No,0,Unf,656,216,Unf,1928.0,968,TA,10800,60.0,0.0,0,6,4,656,1927,2007
847,1101.0,3.0,No,0,Unf,847,434,,2004.0,1948,Gd,12393,41.0,0.0,48,5,7,847,2004,2005
1659,0.0,2.0,No,1158,GLQ,343,499,Fin,2000.0,1659,Ex,5664,40.0,0.0,59,5,8,1501,2000,2000
1580,0.0,3.0,No,0,Unf,1580,830,RFn,2008.0,1580,Gd,11932,92.0,186.0,24,5,8,1580,2007,2008
698,430.0,2.0,No,0,Unf,698,528,RFn,1980.0,1128,TA,7500,60.0,0.0,0,4,4,698,1920,1950
1728,568.0,3.0,Gd,1338,GLQ,384,842,RFn,2008.0,2296,Ex,13478,97.0,420.0,274,5,10,1722,2008,2008
1126,0.0,2.0,,0,,0,520,Fin,2002.0,1126,Gd,8777,67.0,0.0,96,5,4,0,1949,2003
820,523.0,3.0,No,0,Unf,731,186,Unf,1921.0,1343,TA,7681,54.0,0.0,0,6,5,731,1921,1950
483,504.0,2.0,No,387,ALQ,96,264,Unf,1971.0,987,TA,1680,21.0,232.0,0,5,6,483,1971,1971
720,0.0,2.0,,0,,0,287,Unf,1955.0,720,TA,6627,69.0,0.0,0,6,3,0,1949,1950
734,1104.0,4.0,Av,0,Unf,732,372,Fin,2005.0,1838,TA,21930,60.0,0.0,40,5,5,732,2005,2005
753,741.0,3.0,No,547,BLQ,224,213,Unf,1942.0,1494,Gd,7500,69.0,0.0,0,7,6,771,1942,1950
1689,0.0,3.0,No,1218,GLQ,350,857,RFn,2002.0,1689,Gd,13265,69.0,148.0,59,5,8,1568,2002,2002
1178,1032.0,5.0,Mn,0,Unf,1008,205,Unf,1930.0,2210,Fa,9900,90.0,0.0,48,4,6,1008,1880,1950
1207,1196.0,3.0,Mn,0,Unf,1032,349,Unf,1940.0,2403,TA,24090,69.0,0.0,0,7,7,1032,1940,1950
1453,1357.0,4.0,No,482,GLQ,971,750,RFn,1990.0,2810,Gd,9572,69.0,336.0,0,5,8,1453,1990,1990
1344,0.0,2.0,No,457,ALQ,193,484,Unf,1970.0,1344,TA,9503,69.0,0.0,28,5,5,1024,1958,1983
2217,0.0,4.0,Gd,351,ALQ,1043,621,Unf,1970.0,2217,Gd,15865,95.0,0.0,207,6,8,2217,1970,1970
872,521.0,3.0,No,0,Unf,816,300,Unf,1955.0,1393,TA,16466,59.0,0.0,0,7,5,816,1955,1955
1476,1237.0,3.0,Av,1330,GLQ,122,858,Fin,2008.0,2713,Ex,14948,67.0,268.0,66,5,9,1452,2008,2008
1980,0.0,3.0,Av,1447,GLQ,533,770,Fin,2004.0,1980,Ex,16737,129.0,66.0,45,5,9,1980,2004,2005
855,601.0,3.0,No,311,,544,440,Unf,1978.0,1456,TA,2280,24.0,0.0,0,5,6,855,1978,1978
1382,0.0,3.0,No,547,Rec,504,459,,1974.0,1382,TA,11235,75.0,51.0,82,5,4,1051,1963,1979
1056,0.0,3.0,No,480,BLQ,108,260,Unf,1954.0,1056,TA,9250,80.0,0.0,0,7,5,1056,1954,2005
938,0.0,3.0,Av,280,LwQ,167,308,Unf,1977.0,938,TA,9200,69.0,0.0,0,6,5,938,1975,1980
1144,0.0,3.0,Av,748,,102,796,RFn,1959.0,1144,TA,8163,70.0,128.0,0,6,5,1144,1959,1959
872,0.0,3.0,No,0,Unf,858,480,Unf,1974.0,872,TA,8294,70.0,0.0,0,5,4,858,1971,1971
1294,0.0,3.0,No,1200,GLQ,78,496,,1991.0,1294,Gd,7153,69.0,88.0,51,5,6,1278,1991,1991
869,349.0,3.0,No,375,ALQ,360,440,Unf,2003.0,1218,TA,6000,60.0,0.0,0,6,6,735,1941,1950
963,829.0,3.0,No,361,GLQ,602,564,RFn,2001.0,1792,Gd,12435,80.0,172.0,96,5,7,963,2001,2001
864,0.0,3.0,No,521,BLQ,169,624,,1964.0,864,TA,9100,70.0,0.0,0,5,5,864,1958,1958
1132,0.0,2.0,No,1024,GLQ,108,451,Fin,2005.0,1132,Gd,7024,60.0,0.0,64,5,4,1132,2005,2005
935,0.0,3.0,No,560,BLQ,0,288,Unf,1965.0,935,TA,13526,69.0,114.0,0,6,5,935,1965,1965
1114,0.0,3.0,No,814,GLQ,300,576,Unf,2004.0,1114,Gd,13695,66.0,0.0,78,5,6,1114,2003,2004
1338,1296.0,6.0,No,500,LwQ,748,968,,1969.0,2634,TA,11643,91.0,368.0,0,5,5,1248,1969,1969
1195,644.0,4.0,No,0,Unf,1195,486,Fin,1998.0,1839,TA,16770,58.0,30.0,81,5,7,1195,1998,1998
1801,0.0,1.0,No,1247,ALQ,254,484,Fin,1959.0,1801,TA,15602,100.0,0.0,54,8,7,1501,1959,1997
916,684.0,3.0,Av,0,Unf,916,460,Fin,1997.0,1600,TA,8773,57.0,0.0,38,5,6,916,1997,1997
672,714.0,3.0,Mn,438,Rec,234,440,Fin,1978.0,1386,TA,11616,69.0,328.0,0,5,6,672,1978,1978
1144,0.0,3.0,No,572,Rec,572,456,Unf,1961.0,1144,TA,7875,75.0,136.0,0,6,5,1144,1961,1961
1370,0.0,2.0,Mn,24,GLQ,1346,484,RFn,2006.0,1370,Gd,6442,44.0,178.0,49,5,8,1370,2006,2006
1040,0.0,2.0,,0,,0,625,Unf,1950.0,1040,TA,7200,60.0,0.0,0,7,5,0,1950,1950
1414,0.0,3.0,Av,24,GLQ,1390,494,RFn,2004.0,1414,Gd,8773,65.0,98.0,105,5,7,1414,2004,2004
788,0.0,2.0,No,266,Rec,522,0,,1980.0,788,TA,7446,69.0,0.0,0,5,4,788,1941,1950
1026,981.0,3.0,Av,765,GLQ,252,812,,2008.0,2007,Ex,11003,85.0,160.0,52,5,10,1017,2008,2008
1298,1216.0,4.0,No,1216,LwQ,0,693,Fin,1990.0,2514,TA,11170,69.0,0.0,0,5,7,1216,1990,1991
981,787.0,3.0,No,569,ALQ,162,240,Unf,1939.0,1768,Gd,7200,60.0,252.0,0,7,5,731,1937,1950
864,864.0,3.0,No,0,Unf,864,572,RFn,2004.0,1728,Gd,9313,65.0,0.0,56,5,7,864,2004,2004
698,728.0,3.0,No,535,BLQ,155,440,Fin,1977.0,1426,TA,7950,75.0,140.0,0,6,6,690,1977,1977
1007,793.0,3.0,No,0,Unf,982,463,Fin,2000.0,1800,TA,8123,60.0,16.0,63,5,6,982,2000,2000
1432,0.0,2.0,Gd,680,ALQ,289,588,Unf,1978.0,1432,Gd,16157,69.0,0.0,180,7,5,1360,1978,1978
1542,1330.0,4.0,No,896,ALQ,434,619,Fin,1977.0,2872,TA,12227,69.0,424.0,282,7,6,1330,1977,1995
768,0.0,2.0,Av,660,,108,396,Fin,1974.0,768,TA,7200,60.0,0.0,0,8,5,768,1972,2003
953,711.0,3.0,No,0,Unf,953,460,RFn,2000.0,1664,TA,8121,69.0,0.0,40,5,6,953,2000,2000
1150,0.0,3.0,No,179,ALQ,465,300,RFn,1959.0,1150,TA,7945,70.0,0.0,0,6,5,1150,1959,1959
803,0.0,2.0,Av,116,BLQ,604,360,Unf,1941.0,803,TA,5000,50.0,0.0,0,6,5,720,1941,1950
1620,0.0,2.0,Gd,1022,GLQ,598,912,Fin,2008.0,1620,Ex,12898,89.0,70.0,0,5,9,1620,2007,2008
884,1151.0,3.0,No,0,Unf,884,434,Fin,2001.0,2035,Gd,9505,69.0,180.0,48,5,7,884,2001,2001
840,534.0,2.0,No,315,ALQ,420,338,Fin,1967.0,1374,TA,5400,90.0,0.0,0,6,4,840,1920,1950
876,540.0,4.0,Mn,0,Unf,876,720,Unf,1949.0,1416,TA,12665,100.0,0.0,0,8,5,876,1915,1950
697,804.0,3.0,No,518,ALQ,179,420,Fin,1993.0,1501,Gd,7685,69.0,112.0,63,5,6,697,1993,1994
875,0.0,2.0,No,209,BLQ,506,180,Unf,1931.0,875,TA,6120,51.0,0.0,0,7,5,715,1931,1993
1088,441.0,4.0,,0,,0,240,Unf,1945.0,1529,TA,8405,50.0,0.0,0,3,4,0,1945,1950
2084,0.0,2.0,Av,1636,GLQ,442,1220,Fin,2007.0,2084,Ex,14803,114.0,816.0,45,5,10,2078,2007,2008
1453,0.0,3.0,Gd,1082,GLQ,371,445,RFn,1986.0,1453,Gd,5271,69.0,0.0,80,5,7,1453,1986,1986
912,0.0,3.0,Mn,832,GLQ,80,288,,1962.0,912,Gd,6768,65.0,0.0,0,8,6,912,1961,1996
483,504.0,2.0,No,309,BLQ,174,264,Unf,1973.0,987,TA,1953,21.0,408.0,0,5,6,483,1973,1973
1429,0.0,3.0,No,594,BLQ,331,572,Unf,1960.0,1429,Gd,14585,69.0,85.0,110,6,6,1144,1960,1987
848,0.0,3.0,Mn,662,GLQ,186,420,RFn,2004.0,848,Gd,4435,37.0,169.0,0,5,6,848,2004,2004
1032,0.0,4.0,No,0,Unf,360,672,Unf,1999.0,1812,Gd,7630,76.0,0.0,0,9,5,360,1900,1996
1052,0.0,3.0,Av,1016,,36,288,RFn,1968.0,1052,TA,8400,70.0,168.0,0,5,5,1052,1968,1968
1306,0.0,3.0,No,0,Unf,728,0,,1980.0,1306,Fa,5350,55.0,0.0,0,2,3,728,1940,1966
1211,0.0,3.0,No,250,BLQ,210,322,,1968.0,1211,TA,8250,55.0,0.0,63,5,5,952,1968,1968
1188,0.0,3.0,No,593,,595,312,Unf,1962.0,1188,TA,26142,69.0,189.0,39,7,5,1188,1962,1962
1056,0.0,3.0,No,1056,Rec,0,384,Unf,1966.0,1056,TA,8900,69.0,0.0,42,4,4,1056,1966,1966
1368,0.0,2.0,No,0,Unf,1368,474,,2005.0,1368,Gd,6792,40.0,94.0,35,5,7,1368,2005,2006
1108,0.0,3.0,No,0,Unf,637,280,Unf,1930.0,1108,Gd,7449,57.0,0.0,0,7,7,637,1930,1950
884,464.0,3.0,No,0,,884,216,Unf,1960.0,1348,TA,6000,50.0,0.0,0,8,5,884,1925,1997
1096,895.0,3.0,Mn,297,Rec,0,432,Unf,1977.0,1991,TA,11275,69.0,480.0,0,7,6,854,1932,1950
1392,1392.0,5.0,No,790,,133,564,RFn,1978.0,2784,Gd,16692,80.0,184.0,112,5,7,1392,1978,1978
1051,788.0,4.0,No,0,Unf,756,442,Unf,1966.0,1839,TA,7700,70.0,351.0,124,5,6,756,1966,1966
848,0.0,1.0,Av,685,GLQ,163,420,,2003.0,848,Gd,4435,69.0,170.0,0,5,6,848,2003,2003
798,0.0,3.0,No,0,Unf,798,595,RFn,2003.0,1640,Gd,7226,72.0,0.0,45,5,7,798,2003,2003
672,546.0,3.0,No,356,BLQ,316,264,Unf,1973.0,1218,TA,1890,21.0,285.0,28,5,6,672,1973,1973
1940,0.0,3.0,Av,1646,GLQ,284,606,Fin,2010.0,1940,Ex,10159,83.0,450.0,95,5,9,1930,2009,2010
816,0.0,2.0,No,708,GLQ,108,308,Unf,1957.0,816,TA,7100,73.0,0.0,0,7,5,816,1957,1957
756,378.0,3.0,No,312,ALQ,444,240,Unf,1940.0,1134,TA,8160,60.0,0.0,0,6,5,756,1940,1950
888,676.0,3.0,No,0,Unf,650,476,Unf,1980.0,1564,TA,8400,70.0,130.0,50,6,6,650,1980,1981
1216,639.0,4.0,No,444,Rec,550,325,Unf,1954.0,1855,TA,9525,75.0,0.0,0,4,6,994,1954,1972
864,0.0,3.0,No,0,Unf,864,280,,1972.0,864,TA,9353,71.0,0.0,0,5,4,864,1970,1970
1553,1177.0,4.0,Gd,28,LwQ,0,576,,1987.0,2730,Gd,10380,86.0,172.0,96,5,7,1502,1986,1987
1014,685.0,3.0,Mn,440,BLQ,538,420,Unf,1920.0,1699,TA,10615,107.0,0.0,74,5,3,978,1900,1970
1498,0.0,2.0,Mn,0,Unf,1498,675,,2006.0,1498,Gd,8990,73.0,0.0,33,5,7,1498,2006,2006
1098,0.0,3.0,No,902,ALQ,196,260,,1955.0,1098,TA,7390,69.0,151.0,0,7,5,1098,1955,1955
928,0.0,2.0,No,377,Rec,551,252,Unf,1956.0,928,TA,13300,70.0,0.0,0,7,5,928,1956,2000
1310,0.0,3.0,Av,24,GLQ,1286,400,Fin,2005.0,1310,Gd,8767,65.0,0.0,0,5,7,1310,2005,2005
936,840.0,3.0,,0,Unf,936,474,RFn,2002.0,1776,Gd,14006,65.0,144.0,96,5,7,936,2002,2002
832,1103.0,3.0,No,544,GLQ,288,552,Fin,2009.0,1935,TA,8004,75.0,110.0,150,5,8,832,2009,2009
980,0.0,3.0,Av,400,,100,384,Fin,1967.0,980,TA,9750,75.0,0.0,0,5,5,980,1967,1967
1242,0.0,3.0,No,916,ALQ,326,528,Unf,1973.0,1242,TA,9600,80.0,320.0,0,6,7,1242,1973,1973
747,0.0,2.0,No,0,Unf,747,220,Unf,1945.0,747,TA,4608,47.0,0.0,0,6,4,747,1945,1950
694,0.0,3.0,No,365,LwQ,75,352,Unf,1990.0,694,Gd,4280,40.0,0.0,0,6,5,440,1913,2002
1302,0.0,3.0,Gd,270,LwQ,452,309,RFn,1964.0,1302,Gd,9350,85.0,108.0,0,7,6,1302,1964,1991
1437,0.0,3.0,No,988,Rec,200,576,Unf,1999.0,1437,TA,14175,69.0,0.0,0,6,5,1188,1956,1987
1006,0.0,3.0,No,288,GLQ,718,0,,1980.0,1006,TA,9000,69.0,0.0,24,3,5,1006,1959,1959
1097,0.0,3.0,No,0,Unf,1097,672,Unf,1995.0,1097,TA,10859,112.0,0.0,64,5,5,1097,1994,1995
822,843.0,3.0,No,0,Unf,813,562,RFn,2007.0,1665,Gd,8125,65.0,0.0,0,6,7,813,2007,2007
983,756.0,3.0,No,649,GLQ,321,480,Fin,1999.0,1739,Gd,2645,24.0,456.0,0,5,8,970,1999,2000
728,728.0,3.0,Av,648,GLQ,80,410,Fin,2005.0,1456,Gd,8199,63.0,0.0,18,5,7,728,2005,2005
799,772.0,3.0,No,0,Unf,799,380,RFn,1993.0,1571,TA,7837,59.0,0.0,40,7,6,799,1993,1994
1001,634.0,2.0,No,0,Unf,485,255,Unf,1950.0,1635,Gd,5310,59.0,0.0,0,8,6,485,1910,2003
2156,0.0,3.0,No,297,BLQ,1203,508,RFn,1968.0,2156,TA,20781,69.0,0.0,80,7,7,1568,1968,2003
1086,0.0,3.0,Av,516,ALQ,380,484,RFn,1966.0,1086,TA,13400,85.0,1047.0,0,5,5,1024,1966,1966
1268,0.0,2.0,No,540,LwQ,728,244,Fin,1954.0,1268,TA,7800,78.0,200.0,98,6,5,1268,1954,1954
1423,748.0,3.0,No,0,Unf,588,672,Fin,1993.0,2555,TA,11526,79.0,0.0,0,7,6,588,1922,1994
1072,0.0,2.0,Gd,459,,88,525,,2005.0,1072,TA,3675,35.0,80.0,28,5,6,547,2005,2005
769,804.0,3.0,No,378,GLQ,378,440,Unf,2000.0,1573,Gd,2117,69.0,216.0,32,5,6,756,2000,2000
905,881.0,3.0,No,648,GLQ,176,684,RFn,1997.0,1786,Gd,9337,69.0,0.0,162,5,6,824,1997,1997
970,739.0,3.0,No,0,Unf,970,380,Unf,2004.0,1709,Gd,2522,24.0,50.0,40,5,6,970,2004,2006
833,0.0,2.0,No,415,Rec,418,326,Unf,1955.0,833,Gd,5400,90.0,0.0,0,7,5,833,1954,2000
983,767.0,4.0,Mn,660,ALQ,323,423,Unf,1989.0,1750,TA,12508,75.0,0.0,0,7,6,983,1940,1985
1165,0.0,4.0,No,0,Unf,1141,420,Fin,1998.0,2263,Gd,12090,93.0,650.0,123,5,8,1141,1998,1998
1340,0.0,3.0,,0,,0,252,,1957.0,1340,TA,9060,60.0,98.0,0,6,5,0,1957,2006
1620,0.0,3.0,No,1116,BLQ,165,490,Unf,1993.0,1620,TA,9991,69.0,0.0,78,4,4,1281,1976,1993
1291,1230.0,5.0,No,837,ALQ,105,576,,1973.0,2521,TA,3964,42.0,0.0,20,4,6,942,1973,1973
1525,0.0,3.0,Av,1400,GLQ,125,541,RFn,2000.0,1525,Gd,9100,70.0,244.0,36,5,7,1525,2000,2000
1552,0.0,3.0,Av,24,GLQ,1528,782,,2005.0,1552,Gd,10084,84.0,196.0,20,5,7,1552,2005,2006
1600,0.0,3.0,No,0,Unf,1566,890,RFn,2007.0,1600,Gd,14230,110.0,640.0,56,5,8,1566,2007,2007
887,1134.0,3.0,No,0,Unf,868,422,RFn,2006.0,2021,Gd,23257,168.0,0.0,100,5,7,868,2006,2006
728,728.0,3.0,No,0,Unf,728,429,RFn,2006.0,1456,TA,15578,105.0,0.0,0,5,6,728,2006,2006
1559,0.0,3.0,No,338,Rec,1221,812,Unf,1948.0,1559,TA,8100,90.0,0.0,116,6,5,1559,1948,1973
1057,0.0,3.0,No,417,Rec,640,576,Fin,1977.0,1057,TA,7420,70.0,0.0,0,5,5,1057,1962,1962
1235,0.0,2.0,No,600,Rec,635,480,Unf,1961.0,1235,TA,8500,85.0,203.0,0,3,5,1235,1961,1961
958,0.0,2.0,No,958,LwQ,0,440,RFn,1976.0,958,TA,4928,69.0,0.0,60,6,6,958,1976,1976
923,0.0,3.0,No,658,ALQ,218,264,Unf,1984.0,923,TA,6951,37.0,0.0,0,5,5,876,1984,1985
1702,0.0,1.0,No,1540,GLQ,162,1052,Fin,2008.0,1702,Ex,8769,65.0,766.0,72,5,9,1702,2008,2008
810,518.0,3.0,No,0,Unf,686,210,Unf,1940.0,1328,TA,9906,57.0,0.0,172,4,4,686,1925,1950
859,319.0,2.0,Mn,0,Unf,859,384,RFn,1964.0,1178,TA,8712,66.0,0.0,0,7,4,859,1900,1950
992,873.0,3.0,No,735,GLQ,257,839,,2000.0,1865,Gd,10316,69.0,0.0,184,5,7,992,2000,2000
2444,1872.0,4.0,Gd,1455,GLQ,989,832,Fin,1994.0,4316,Ex,21535,104.0,1170.0,50,6,10,2444,1994,1995
1494,0.0,3.0,Mn,922,GLQ,572,530,RFn,2002.0,1494,Gd,12803,88.0,99.0,36,5,7,1494,2002,2002
1069,0.0,2.0,No,559,ALQ,510,440,RFn,1977.0,1069,TA,4043,53.0,0.0,55,6,6,1069,1977,1977
1742,0.0,2.0,Gd,1148,GLQ,594,564,RFn,1985.0,1742,Gd,6563,69.0,0.0,28,5,8,1742,1985,1985
625,625.0,2.0,No,0,Unf,625,625,Fin,2006.0,1250,Gd,4017,35.0,0.0,54,5,7,625,2006,2007
672,0.0,2.0,No,344,Rec,328,234,Unf,1941.0,672,TA,9340,50.0,0.0,113,6,4,672,1941,1950
658,526.0,5.0,No,0,Unf,658,0,,1980.0,1184,TA,8410,58.0,0.0,151,3,5,658,1910,1996
1617,0.0,2.0,No,165,LwQ,598,533,,1993.0,1617,Gd,8012,50.0,0.0,69,5,6,1604,1993,1994
1163,511.0,4.0,Mn,0,Unf,1163,396,Fin,1955.0,1674,TA,21780,66.0,0.0,36,7,6,1163,1918,1950
1026,0.0,3.0,Gd,505,GLQ,0,576,Unf,1981.0,1026,TA,10970,69.0,0.0,0,6,6,940,1978,1978
1077,0.0,2.0,No,851,GLQ,140,205,RFn,1939.0,1077,TA,7420,50.0,0.0,4,6,5,991,1939,1950
1088,110.0,4.0,No,0,,901,0,,1980.0,1198,TA,5586,60.0,0.0,98,7,6,901,1920,1998
1328,0.0,2.0,Gd,967,BLQ,383,308,,1959.0,1328,TA,16905,115.0,0.0,104,6,5,1350,1959,1959
1502,0.0,3.0,No,0,Unf,1502,644,RFn,2009.0,1502,Gd,9541,79.0,268.0,114,5,7,1502,2009,2009
918,728.0,4.0,No,364,Rec,554,240,Unf,1941.0,1646,TA,7128,53.0,0.0,0,5,7,918,1941,1950
1372,0.0,3.0,No,0,Unf,1372,529,Fin,2008.0,1372,Gd,8640,72.0,0.0,140,5,7,1372,2007,2008
1264,0.0,3.0,No,697,Rec,571,461,Unf,1960.0,1264,TA,9300,73.0,324.0,0,5,5,1268,1960,1960
1844,0.0,3.0,Av,1110,Rec,734,540,RFn,1969.0,1844,Gd,16381,69.0,312.0,73,5,6,1844,1969,1969
864,0.0,2.0,No,414,,450,288,Unf,1959.0,864,Gd,7332,60.0,207.0,0,6,6,864,1959,1959
1086,809.0,3.0,No,0,Unf,712,409,Fin,1994.0,1895,Gd,10832,69.0,0.0,46,5,7,712,1994,1996
960,1000.0,4.0,No,0,Unf,960,400,Unf,1952.0,1960,TA,7596,60.0,360.0,0,5,5,960,1952,1952
1120,0.0,3.0,No,206,ALQ,914,0,,1980.0,1120,TA,8402,70.0,0.0,30,5,5,1120,2007,2007
1728,0.0,6.0,No,40,GLQ,1424,352,Unf,2002.0,1728,TA,10624,69.0,84.0,0,4,5,1728,1964,1964
1719,0.0,1.0,Gd,1619,GLQ,100,473,Fin,1993.0,1719,Gd,10846,32.0,0.0,30,5,8,1719,1993,1993
691,807.0,3.0,No,592,ALQ,99,409,Fin,1995.0,1498,TA,13031,69.0,0.0,44,5,6,691,1995,1996
1566,0.0,3.0,Av,1078,GLQ,488,750,RFn,2008.0,1566,Gd,9000,75.0,36.0,168,5,8,1566,2008,2008
720,551.0,3.0,No,0,Unf,720,312,,1948.0,1271,TA,21286,115.0,0.0,0,5,5,720,1948,1950
572,539.0,2.0,No,0,Unf,572,288,Unf,1982.0,1111,TA,5700,69.0,0.0,0,7,7,572,1926,1950
1411,0.0,3.0,No,822,ALQ,564,544,Fin,1977.0,1411,TA,11900,85.0,209.0,0,5,7,1386,1977,1977
1445,689.0,5.0,No,0,Unf,844,441,Unf,1930.0,2134,Gd,11888,69.0,0.0,60,6,6,844,1916,1994
1252,0.0,1.0,Gd,429,BLQ,93,564,RFn,1960.0,1252,TA,13500,69.0,0.0,0,7,6,1602,1960,1975
1584,1208.0,3.0,No,493,LwQ,1017,520,Unf,1920.0,2792,TA,10440,60.0,0.0,547,7,6,1510,1920,1950
869,0.0,2.0,No,0,Unf,440,0,,1980.0,869,Fa,5900,51.0,0.0,0,7,4,440,1923,1958
816,0.0,2.0,Mn,690,ALQ,126,288,Unf,1958.0,816,TA,8877,67.0,0.0,0,6,4,816,1938,1958
1160,966.0,3.0,Gd,249,LwQ,0,538,Fin,1967.0,2126,TA,28698,69.0,0.0,0,5,5,1013,1967,1967
804,744.0,3.0,No,556,,248,440,Unf,1976.0,1548,Gd,2308,24.0,0.0,0,6,6,804,1976,1976
1479,0.0,3.0,No,0,Unf,1468,577,RFn,1999.0,1479,Gd,9382,93.0,125.0,25,5,7,1468,1999,2000
1132,1320.0,4.0,Av,0,Unf,1117,691,,2004.0,2452,Gd,13418,108.0,132.0,32,5,8,1117,2004,2005
672,0.0,2.0,,0,,0,0,,1980.0,912,TA,6240,52.0,0.0,0,5,4,0,1947,1950
958,0.0,2.0,Mn,498,BLQ,460,301,RFn,1960.0,958,TA,12772,69.0,0.0,0,8,6,958,1960,1998
1328,0.0,3.0,No,569,ALQ,678,528,Unf,1963.0,1328,TA,9790,69.0,451.0,26,5,6,1328,1963,1963
1214,1306.0,4.0,No,565,GLQ,638,721,,1995.0,2520,Gd,9950,82.0,290.0,114,5,7,1203,1995,1995
1350,0.0,3.0,No,0,Unf,1064,478,RFn,1974.0,1350,TA,10140,78.0,174.0,0,5,6,1064,1974,1974
961,406.0,4.0,No,241,Rec,229,384,Unf,1978.0,1367,TA,8405,50.0,0.0,130,8,5,861,1900,1950
1276,804.0,3.0,No,0,Unf,1276,282,Unf,1926.0,2080,Gd,10918,53.0,0.0,0,9,7,1276,1926,2004
716,840.0,3.0,No,81,,23,452,Fin,1980.0,1556,TA,1950,24.0,0.0,0,6,6,716,1980,1980
1842,0.0,0.0,Gd,1810,GLQ,32,894,Fin,1981.0,1842,Gd,50271,68.0,0.0,72,5,9,1842,1981,1987
841,0.0,2.0,No,0,Unf,721,294,Unf,1950.0,841,TA,8400,60.0,0.0,0,4,4,721,1950,1950
964,925.0,4.0,No,0,Unf,925,308,Unf,1960.0,1889,TA,10120,60.0,0.0,0,4,7,925,1910,1950
858,0.0,2.0,Gd,696,BLQ,162,0,,1980.0,858,TA,7207,50.0,0.0,0,7,5,858,1958,2008
780,240.0,2.0,No,0,Unf,780,0,,1980.0,1020,TA,6342,54.0,0.0,0,8,5,780,1875,1996
1040,0.0,3.0,No,659,ALQ,381,260,Unf,1962.0,1040,TA,6897,69.0,0.0,104,8,5,1040,1962,2010
1482,1092.0,3.0,No,0,Unf,1482,868,Fin,2007.0,2574,Ex,9588,69.0,270.0,148,5,8,1482,2007,2007
876,936.0,4.0,No,540,ALQ,324,264,RFn,1962.0,1812,TA,7590,69.0,288.0,168,5,5,864,1962,1962
1052,720.0,4.0,No,378,,342,240,,1939.0,2192,Gd,8400,60.0,0.0,24,8,5,720,1939,1997
1258,0.0,0.0,Av,1198,,0,400,Unf,1969.0,1258,TA,12900,60.0,0.0,0,4,4,1198,1969,1969
1694,0.0,3.0,No,0,Unf,1694,818,Fin,2007.0,1694,Gd,12030,93.0,254.0,228,5,8,1694,2007,2007
851,651.0,3.0,No,0,Unf,776,270,RFn,1931.0,1502,TA,7200,60.0,0.0,0,6,7,776,1931,2000
1253,0.0,3.0,No,733,BLQ,520,352,RFn,1960.0,1253,TA,10920,69.0,212.0,213,5,6,1253,1960,1960
1352,1168.0,5.0,No,1012,GLQ,326,796,RFn,1993.0,2520,Gd,14541,69.0,0.0,55,7,8,1338,1993,1993
2136,0.0,4.0,No,756,LwQ,1380,528,Unf,1951.0,2136,TA,10680,89.0,44.0,30,3,5,2136,1951,1951
953,694.0,3.0,No,0,Unf,953,460,RFn,1999.0,1647,TA,7917,62.0,0.0,40,5,6,953,1999,2000
1158,0.0,3.0,No,941,ALQ,217,576,Unf,2006.0,1158,Gd,13072,63.0,0.0,50,5,6,1158,2004,2004
1844,0.0,3.0,No,705,BLQ,1139,546,RFn,1977.0,1844,TA,11751,105.0,480.0,122,6,6,1844,1977,1977
1454,482.0,3.0,No,0,Unf,1406,504,RFn,2000.0,1936,Gd,11194,106.0,40.0,124,5,8,1406,2000,2000
630,672.0,3.0,No,0,Unf,630,280,Unf,1991.0,1302,TA,1680,21.0,142.0,0,5,5,630,1971,1971
751,611.0,3.0,Mn,0,Unf,611,502,Fin,1920.0,1362,TA,6155,60.0,0.0,0,8,6,611,1920,1999
1214,0.0,3.0,No,695,BLQ,519,318,RFn,1967.0,1214,TA,10355,69.0,196.0,111,5,5,1214,1967,1967
930,0.0,2.0,,0,,0,308,Unf,1946.0,930,Gd,11100,60.0,0.0,0,7,4,0,1946,2006
1646,0.0,2.0,Gd,1373,GLQ,221,482,Fin,2004.0,1646,Gd,3842,44.0,174.0,53,5,8,1594,2004,2005
1630,0.0,3.0,Gd,0,Unf,1622,860,RFn,2008.0,1630,Ex,10226,61.0,270.0,42,5,8,1622,2008,2008
848,672.0,3.0,No,182,Rec,611,281,Unf,1968.0,1520,TA,4500,55.0,0.0,0,5,5,793,1932,2000
1120,468.0,4.0,,0,,0,680,Fin,1991.0,1588,TA,17120,80.0,0.0,59,4,4,0,1959,1959
1153,878.0,3.0,Av,252,ALQ,901,541,Fin,1998.0,2031,Gd,11404,75.0,202.0,84,5,7,1153,1998,1999
1258,0.0,3.0,No,656,ALQ,602,528,,1971.0,1258,Gd,11040,80.0,144.0,0,7,6,1258,1971,2004
955,0.0,3.0,No,763,BLQ,192,386,Unf,1966.0,955,TA,7742,66.0,0.0,0,7,5,955,1966,1966
483,504.0,3.0,No,321,Rec,162,280,Unf,1987.0,987,TA,1869,21.0,127.0,0,6,6,483,1970,1970
1085,649.0,3.0,No,600,Rec,312,440,,1962.0,1734,Gd,9786,77.0,0.0,0,7,6,912,1962,1981
1358,0.0,3.0,Mn,733,,625,484,RFn,2010.0,1358,Gd,6371,44.0,128.0,35,5,7,1358,2009,2010
840,765.0,3.0,No,0,Unf,840,379,Unf,1915.0,1605,TA,5790,60.0,0.0,0,6,3,840,1915,1950
1246,0.0,3.0,No,340,LwQ,0,305,RFn,1959.0,1246,Gd,7500,75.0,0.0,0,7,5,1246,1959,1994
1493,0.0,3.0,Gd,994,GLQ,484,508,Fin,1997.0,1493,Gd,13125,75.0,215.0,39,5,6,1478,1997,1998
877,600.0,3.0,No,0,Unf,861,216,Unf,1928.0,1477,TA,6292,52.0,0.0,50,7,7,861,1928,1950
1236,857.0,3.0,No,0,Unf,791,542,Fin,1986.0,2093,TA,20544,46.0,123.0,63,6,7,791,1986,1991
483,0.0,2.0,No,358,ALQ,125,264,Unf,1971.0,987,TA,1680,21.0,604.0,0,3,6,483,1971,1971
988,0.0,3.0,No,827,Rec,161,572,Unf,1963.0,988,TA,9945,69.0,57.0,0,5,5,988,1961,1961
664,0.0,3.0,Av,554,GLQ,100,426,RFn,2006.0,1496,Gd,17104,58.0,0.0,24,5,7,654,2006,2006
1168,800.0,3.0,Av,562,,29,530,RFn,1969.0,1968,TA,11075,69.0,232.0,189,4,5,784,1969,1969
1647,0.0,3.0,Mn,1283,ALQ,0,621,Fin,1977.0,1647,Gd,12984,80.0,459.0,0,6,5,1430,1977,1977
2053,1185.0,4.0,Av,816,,1217,666,Fin,1996.0,3238,Gd,14720,56.0,579.0,86,5,8,2033,1995,1996
990,0.0,3.0,No,588,,402,0,,1980.0,990,TA,8070,60.0,0.0,0,5,4,990,1994,1995
1803,0.0,3.0,No,168,Rec,284,484,RFn,1957.0,1803,TA,13125,88.0,67.0,0,4,5,1134,1957,2000
1352,0.0,3.0,Av,300,BLQ,468,288,Unf,1958.0,1352,Gd,6930,92.0,120.0,0,4,5,1062,1958,1958
605,0.0,2.0,Mn,348,,180,0,,1980.0,605,TA,9098,58.0,0.0,0,7,4,528,1920,2002
1472,0.0,3.0,Av,1036,GLQ,336,588,Unf,1980.0,1472,TA,14115,69.0,225.0,48,5,7,1372,1980,1980
1530,0.0,3.0,Av,1274,ALQ,256,430,Fin,2005.0,1530,Gd,16158,124.0,16.0,36,5,7,1530,2005,2005
1048,0.0,2.0,No,0,Unf,993,280,Unf,1922.0,1048,TA,6380,58.0,0.0,0,6,5,993,1922,1950
1501,0.0,3.0,Gd,679,GLQ,811,577,RFn,1999.0,1501,Gd,10335,78.0,183.0,29,5,7,1490,1999,1999
1826,0.0,3.0,Gd,1422,GLQ,392,758,,2005.0,1826,Gd,11302,69.0,238.0,75,5,8,1814,2005,2006
889,551.0,3.0,No,0,Unf,540,352,Unf,1940.0,1440,TA,5000,63.0,0.0,0,4,5,540,1900,1950
1224,0.0,2.0,No,883,GLQ,341,402,Fin,1999.0,1224,TA,4500,69.0,425.0,304,5,6,1224,1999,1999
874,0.0,3.0,No,510,,354,288,RFn,1968.0,874,TA,9858,62.0,0.0,0,6,5,864,1968,1968
1704,0.0,3.0,No,1218,GLQ,486,772,,2008.0,1704,Gd,11478,98.0,200.0,50,5,8,1704,2007,2008
616,0.0,2.0,No,616,LwQ,0,205,Unf,1921.0,616,TA,6000,50.0,0.0,0,7,5,616,1921,1950
1601,0.0,3.0,Av,1358,GLQ,223,670,RFn,2001.0,1601,Gd,11423,69.0,479.0,0,5,8,1581,2001,2002
832,384.0,2.0,No,442,Rec,390,336,Unf,1947.0,1216,TA,8480,80.0,0.0,0,5,5,832,1947,1950
952,0.0,2.0,No,228,ALQ,724,283,Unf,1956.0,952,TA,8475,69.0,0.0,0,7,4,952,1956,1956
1298,0.0,3.0,No,1258,GLQ,40,403,,1985.0,1298,Gd,11200,69.0,85.0,26,5,6,1298,1985,1985
874,650.0,3.0,No,460,BLQ,414,315,Unf,1958.0,1524,TA,11344,78.0,180.0,0,5,5,874,1958,1958
997,1288.0,4.0,No,0,Unf,969,648,Fin,2000.0,2285,Gd,11000,69.0,72.0,56,5,8,969,2000,2000
964,0.0,2.0,No,713,ALQ,163,432,Unf,1921.0,964,TA,13360,80.0,0.0,0,7,5,876,1921,2006
928,0.0,3.0,No,308,Rec,620,288,Fin,1957.0,928,TA,6000,50.0,0.0,0,6,5,928,1957,1957
990,0.0,3.0,No,746,ALQ,244,480,Unf,2000.0,990,TA,8072,60.0,0.0,64,5,5,990,1994,1995
912,1215.0,4.0,Mn,48,BLQ,422,833,RFn,1991.0,2127,Gd,13125,103.0,0.0,192,5,7,1104,1991,1991
848,0.0,1.0,Av,662,GLQ,186,420,RFn,2004.0,848,Gd,4438,69.0,205.0,0,5,6,848,2004,2004
1137,0.0,2.0,No,980,GLQ,92,551,Unf,1987.0,1137,Gd,13811,54.0,72.0,0,6,6,1112,1987,1987
865,445.0,2.0,No,617,LwQ,0,398,Unf,1924.0,1310,TA,7000,50.0,0.0,0,6,6,617,1924,1950
912,0.0,2.0,No,111,BLQ,522,297,Fin,1958.0,912,TA,7535,70.0,0.0,285,7,5,912,1958,1985
480,0.0,3.0,Av,50,BLQ,430,308,,1958.0,480,TA,9000,50.0,0.0,0,3,2,480,1949,1950
892,0.0,3.0,No,340,Rec,524,264,RFn,1966.0,892,TA,9477,69.0,65.0,0,5,5,864,1966,1966
1124,0.0,3.0,,0,,0,0,,1980.0,1124,TA,8335,77.0,0.0,36,5,5,0,1954,1954
1405,0.0,2.0,No,0,Unf,1405,478,RFn,2003.0,1405,Gd,3136,69.0,163.0,36,5,7,1405,2003,2003
1064,703.0,2.0,No,495,GLQ,354,504,RFn,1987.0,1767,Gd,5306,44.0,0.0,35,7,7,1064,1987,1987
1302,0.0,3.0,Av,0,Unf,1302,436,Fin,2007.0,1302,Gd,8993,73.0,0.0,22,5,7,1302,2007,2007
1133,687.0,4.0,No,329,Rec,697,240,Unf,1925.0,1820,TA,9120,60.0,0.0,100,6,7,1026,1925,1950
1383,0.0,3.0,Mn,1064,BLQ,319,354,,1954.0,1383,TA,13284,69.0,0.0,116,5,5,1383,1954,1954
832,832.0,4.0,No,194,GLQ,638,528,RFn,1976.0,1664,TA,10140,78.0,0.0,28,5,7,832,1976,1976
1316,0.0,3.0,No,28,GLQ,1288,397,Fin,2005.0,1316,Gd,10237,65.0,0.0,0,5,6,1316,2005,2006
983,813.0,4.0,No,400,BLQ,380,483,RFn,1963.0,1796,TA,7056,71.0,415.0,50,5,6,780,1963,1963
1392,0.0,2.0,No,0,Unf,1392,576,RFn,1968.0,1392,TA,13560,120.0,216.0,0,3,6,1392,1968,1968
1097,896.0,4.0,No,416,Rec,409,495,RFn,1971.0,1993,TA,14803,69.0,252.0,66,5,6,825,1971,1971
904,0.0,1.0,Gd,350,BLQ,333,0,,1980.0,904,Fa,10020,69.0,0.0,0,1,1,683,1922,1950
1291,0.0,2.0,Mn,1003,GLQ,288,431,Unf,1996.0,1291,Gd,2887,69.0,0.0,0,5,6,1291,1996,1997
866,902.0,3.0,No,400,GLQ,466,603,RFn,2005.0,1768,Gd,9803,75.0,0.0,108,5,7,866,2005,2005
1164,1106.0,4.0,No,524,GLQ,628,671,Fin,1999.0,2270,Gd,11764,92.0,348.0,57,7,8,1152,1999,2007
855,0.0,3.0,No,257,ALQ,103,440,Unf,1974.0,1322,TA,2308,24.0,0.0,0,5,6,855,1974,1974
630,672.0,3.0,No,0,Unf,630,440,Unf,1970.0,1302,TA,2016,24.0,304.0,0,5,5,630,1970,1970
780,0.0,2.0,Av,632,ALQ,148,352,Unf,1973.0,780,TA,7200,60.0,0.0,0,7,5,780,1972,1972
1099,0.0,3.0,No,0,Unf,1099,352,Unf,1999.0,1099,Gd,9525,75.0,0.0,0,6,5,1099,1995,2006
1062,887.0,3.0,No,750,GLQ,300,574,Fin,1993.0,1949,Gd,9938,80.0,246.0,90,5,7,1050,1993,1994
1013,0.0,2.0,No,0,Unf,1013,0,,1980.0,1526,Fa,8470,105.0,0.0,0,2,3,1013,1915,1982
1848,880.0,4.0,No,1410,GLQ,438,706,Fin,2006.0,2728,Ex,20431,56.0,870.0,0,5,9,1848,2005,2006
1687,998.0,5.0,No,523,GLQ,301,672,Fin,1970.0,3082,TA,15863,102.0,0.0,63,3,7,824,1920,1970
1588,0.0,3.0,Av,1162,ALQ,426,472,RFn,1999.0,1588,Gd,10264,78.0,183.0,29,5,7,1588,1999,1999
1040,0.0,2.0,,0,,0,400,Unf,1949.0,1040,TA,8544,60.0,0.0,0,4,3,0,1950,1950
1504,0.0,3.0,Gd,690,GLQ,814,478,Fin,1996.0,1504,Gd,11883,73.0,196.0,66,5,7,1504,1996,1996
596,596.0,3.0,Mn,0,Unf,596,189,Unf,1920.0,1192,TA,6402,60.0,0.0,0,5,5,596,1920,1950
2121,0.0,3.0,Gd,0,Unf,2121,732,Fin,2007.0,2121,Ex,14450,107.0,315.0,98,5,9,2121,2006,2007
965,0.0,3.0,No,641,BLQ,187,300,Unf,1979.0,965,TA,7800,60.0,0.0,0,5,5,828,1965,1965
1021,580.0,3.0,No,0,Unf,533,300,RFn,1958.0,1601,TA,13825,85.0,0.0,34,6,5,533,1958,1987
1117,0.0,3.0,Av,422,ALQ,480,672,,1976.0,1117,TA,7819,94.0,0.0,0,5,6,1029,1976,1976
1567,0.0,1.0,Av,1154,GLQ,366,648,Fin,2006.0,1567,Ex,3982,53.0,0.0,0,5,8,1520,2006,2006
1776,0.0,4.0,No,0,Unf,1584,888,Unf,1968.0,1776,TA,11475,85.0,95.0,25,5,5,1584,1958,1958
915,720.0,3.0,No,300,Rec,765,440,Unf,1950.0,1635,TA,8737,70.0,0.0,38,7,6,1065,1923,1950
760,896.0,3.0,No,0,Unf,746,397,Fin,2003.0,1656,Gd,6931,60.0,92.0,128,5,7,746,2003,2004
1440,0.0,3.0,No,678,BLQ,762,467,Fin,1981.0,1440,Gd,12546,69.0,310.0,0,7,6,1440,1981,1981
1588,0.0,3.0,Av,0,Unf,1588,825,,2006.0,1588,Gd,10000,85.0,410.0,45,5,8,1588,2006,2006
1279,0.0,3.0,No,641,ALQ,276,473,Unf,1980.0,1279,TA,10125,75.0,0.0,83,6,6,1196,1977,1977
1728,0.0,4.0,No,1606,ALQ,122,560,Unf,1976.0,1728,TA,9297,63.0,0.0,0,5,5,1728,1976,1976
997,0.0,3.0,No,0,Unf,793,0,,1980.0,1517,Fa,8500,85.0,0.0,0,7,5,793,1919,2005
1166,1129.0,4.0,No,728,GLQ,367,590,RFn,1992.0,2295,Gd,13346,69.0,0.0,40,5,7,1095,1992,2000
796,566.0,1.0,No,732,GLQ,64,480,Unf,1993.0,1362,TA,14115,85.0,0.0,30,5,5,796,1993,1995
1040,0.0,2.0,,0,,0,400,Unf,1987.0,1040,TA,8544,60.0,0.0,0,4,3,0,1950,1950
1192,403.0,2.0,No,388,LwQ,552,240,Unf,1940.0,1595,TA,8400,60.0,0.0,0,5,6,940,1940,2000
985,0.0,3.0,Av,595,GLQ,390,328,Unf,1977.0,985,TA,8385,65.0,220.0,0,8,5,985,1977,1977
1541,0.0,3.0,Mn,1201,,340,532,,2005.0,1541,Gd,12182,95.0,226.0,70,5,7,1541,2005,2005
1060,764.0,3.0,No,0,Unf,764,520,Unf,1940.0,1824,TA,13515,60.0,0.0,0,6,6,764,1919,1950
808,547.0,4.0,No,351,ALQ,112,0,,1980.0,1355,TA,10106,62.0,0.0,0,7,5,644,1940,1999
1107,983.0,3.0,Mn,859,ALQ,216,484,,1973.0,2090,TA,10382,69.0,240.0,204,6,7,1107,1973,1973
804,878.0,3.0,No,505,GLQ,299,523,RFn,1998.0,1682,Gd,8750,70.0,116.0,77,5,6,804,1998,1998
866,902.0,3.0,Av,20,GLQ,846,578,RFn,2007.0,1768,Gd,10769,68.0,0.0,105,5,8,866,2007,2007
1224,0.0,2.0,,0,,0,462,Unf,1962.0,1224,TA,9842,70.0,0.0,0,5,4,0,1962,1962
901,0.0,2.0,No,0,Unf,901,281,Unf,1954.0,901,TA,6000,50.0,0.0,0,7,4,901,1954,2000
720,472.0,4.0,No,0,Unf,720,0,,1980.0,1192,TA,10800,60.0,0.0,0,4,4,720,1949,1950
784,0.0,2.0,No,0,Unf,784,360,Unf,1950.0,784,TA,9000,60.0,0.0,0,3,6,784,1928,1950
952,596.0,3.0,No,0,Unf,952,672,,1978.0,1548,Ex,7264,55.0,0.0,0,7,7,952,1925,2007
816,0.0,3.0,Gd,546,ALQ,270,264,Unf,1982.0,816,TA,8314,76.0,0.0,0,7,5,816,1982,1982
